UNIT_PROCESS_ID,PCR,DATABASE_VERSION,SOURCE,CATEGORY,UNIT_PROCESS_NAME,BACKGROUND_INFO,UNIT_NAME,REFERENCE_DATASET_ID,CONVERSION_FACTOR
679b7648-bf72-47f8-a5da-83d693c1a5d9,BASIC,ecoinvent-v3.11,SimaPro-v10.2,UPSTREAM,纯碱,"Soda ash, light {RoW}| soda production, solvay process | Cut-off, S",kg,4e87d869-da3f-5e74-a55c-83fa7c0a6db2_9e6f12d8-b727-4aef-94e3-c8278e3661d7,1.0000000000
b68da6eb-5515-4a50-81a4-9359ac1a5674,BASIC,ecoinvent-v3.11,SimaPro-v10.2,RECYCLED,高炉煤气/系统拓展,"Natural gas, high pressure {GLO}| market group for natural gas, high pressure | Cut-off, S",m3,5506d618-a91d-5c2a-be9a-bef7cb2d4f2c_a9007f10-7e39-4d50-8f4a-d6d03ce3d673,0.0847653541
a651ebf4-6bca-4dda-94b7-fbb2c45ae2c7,BASIC,ecoinvent-v3.11,SimaPro-v10.2,UPSTREAM,基础油,"Base oil {RoW}| base oil production, petroleum refinery operation | Cut-off, S",kg,d1e8005a-200f-5d2f-99a1-32ff4f6cb90e_06eb6d76-0ac1-5ba6-aa9b-6b0228e0dd96,1.0000000000
3ca4c658-78db-4013-829d-bcd44dff88c3,BASIC,ecoinvent-v3.11,SimaPro-v10.2,UPSTREAM,煤炭,"Hard coal {CN}| hard coal mine operation and hard coal preparation | Cut-off, S",kg,1ac48544-0d88-561b-8421-0523bd0b3e1e_0d3eda5a-4601-4573-9549-0701c459ab88,1.0000000000
caec22ec-9886-4edb-a198-f1a16539030f,BASIC,ecoinvent-v3.11,SimaPro-v10.2,RECYCLED,窑皮/系统拓展法 - non-default,"Clinker {RoW}| clinker production | Cut-off, S",kg,168b5d3f-b397-5651-a21e-b3c24c40dc40_1f41586d-0d8a-4c7c-8473-dd8351bab538,1.0000000000
a5908466-a88c-4608-a841-e6fd1bb1812b,BASIC,ecoinvent-v3.11,SimaPro-v10.2,UPSTREAM,萤石,"Fluorspar, 97% purity {GLO}| fluorspar production, 97% purity | Cut-off, S",kg,a9237d63-173e-55fc-813f-7476ee44820b_135a0add-c182-4582-9343-dfdbda7fc0c1,1.0000000000
fbbcb5bf-f880-42db-bcc4-893036ae65e2,CONS,ecoinvent-v3.11,SimaPro-v10.2,UPSTREAM,氧化铬,"Chromium trioxide, flakes {GLO}| market for chromium trioxide, flakes | EN15804, S",kg,0c838715-f551-5f98-94cb-44530f7811b8_45fdcba1-32e8-462e-b7a3-932ad3dd761b,1.0000000000
2af78404-ac17-424d-9f32-a851518fb861,CONS,ecoinvent-v3.11,SimaPro-v10.2,UPSTREAM,光伏电,"Electricity, low voltage {CN-SH}| electricity production, photovoltaic, 570kWp open ground installation, multi-Si | EN15804, S",kWh,363145a3-f721-51b8-bd2e-ef5d807af2b1_d69294d7-8d64-4915-a896-9996a014c410,1.0000000000
a7aa8f57-5f44-410f-8141-0a47c8aa617f,CONS,ecoinvent-v3.11,SimaPro-v10.2,UPSTREAM,煤炭,"Hard coal {CN}| hard coal mine operation and hard coal preparation | EN15804, S",kg,47801f10-d5fc-5faa-b8d4-ca7ff33ff18f_0d3eda5a-4601-4573-9549-0701c459ab88,1.0000000000
b82dd91c-abd0-44f7-905b-a1c5cdd349f1,CONS,ecoinvent-v3.11,SimaPro-v10.2,UPSTREAM,氧气,"Oxygen, liquid {RoW}| industrial gases production, cryogenic air separation | EN15804, S",m3,9f2ea1b8-f25d-553f-877e-b8130a5d3e4c_28c2473e-1e11-4078-9a76-de9550553adc,1.4280000000
eb88cdec-2993-4071-b19c-641578891dcc,CONS,ecoinvent-v3.11,SimaPro-v10.2,UPSTREAM,油漆溶剂,"Solvent for paint {GLO}| white spirit to generic market for solvent for paint | EN15804, S",kg,bcdd2b21-e40e-527f-bc92-612b76f91a78_c8f690ff-9611-4d67-85fa-c1ce5b5f8e20,1.0000000000
d14962f9-364e-4e2d-afb2-50f80b4de8f1,CONS,ecoinvent-v3.11,SimaPro-v10.2,WASTE,废铁处理,"Iron scrap, sorted, pressed {RoW}| market for iron scrap, sorted, pressed | EN15804, S",kg,eeb309b2-71f3-5690-84ea-d5f45714ef9a_4f312355-ac65-4635-8fb2-006dba64ce60,1.0000000000
b5cfdceb-4076-4d34-adfc-d7e6c4a57948,BASIC,ecoinvent-v3.11,SimaPro-v10.2,WASTE,固废垃圾焚烧处理,"Municipal solid waste {RoW}| treatment of municipal solid waste, municipal incineration | Cut-off, S",kg,c6efc2b6-d914-5761-9230-5583bee7e67d_27da8130-82ba-485c-a800-b89efdcb0491,1.0000000000
c683ddd4-00bb-4058-9494-037d01742cfb,BASIC,ecoinvent-v3.11,SimaPro-v10.2,UPSTREAM,聚丙烯酰胺,"Polyacrylamide {GLO}| polyacrylamide production | Cut-off, S",kg,80898a9f-97ea-595c-8e0a-ca2bb190adae_29f75a6a-e5cd-40f6-8f84-797deb0ef98c,1.0000000000
7c7c0f20-83d7-4492-acd8-6c2ea185c2ed,BASIC,ecoinvent-v3.11,SimaPro-v10.2,UPSTREAM,铝土矿,"Bauxite {GLO}| bauxite mine operation | Cut-off, S",kg,3e11d869-cb04-5308-93ed-c5ef07c4de7e_6e6b1247-4f6e-44a8-b22f-7ff81a0e461a,1.0000000000
0f8e6422-fba1-4b3c-8ef0-69590121f21a,BASIC,ecoinvent-v3.11,SimaPro-v10.2,UPSTREAM,镁,"Magnesium {CN}| magnesium production, pidgeon process | Cut-off, S",kg,0a83b2e0-24c3-5e1b-a18e-100922e9f640_1d344632-354d-4d3f-9f6c-da038a3bd491,1.0000000000
37b90c76-559b-424a-991e-09cb754b0a19,BASIC,ecoinvent-v3.11,SimaPro-v10.2,UPSTREAM,膨润土,"Activated bentonite {RoW}| activated bentonite production | Cut-off, S",kg,a6b1dfba-2977-5fd8-8326-ab90ec4a5b57_db314df7-a55f-4c57-b1b7-1bec53c2740c,1.0000000000
0afad505-6182-404f-ba8e-34f3e12e5568,CONS,ecoinvent-v3.11,SimaPro-v10.2,UPSTREAM,无定形、颗粒PET,"Polyethylene terephthalate, granulate, amorphous {RoW}| polyethylene terephthalate production, granulate, amorphous | EN15804, S",kg,7332fa3f-5f9a-5229-a907-c02934ce7236_d585421f-a3a1-45bc-bd94-188f65865b9c,1.0000000000
6ba0fcf1-d8e9-492c-896a-7183953bb5e4,CONS,ecoinvent-v3.11,SimaPro-v10.2,UPSTREAM,氨,"Ammonia, anhydrous, liquid {CN}| ammonia production, steam reforming, liquid | EN15804, S",kg,d47a1307-5ff0-5e32-882f-ec03165f36e2_06b8d05b-e1e6-427b-929c-bb55e84e7c08,1.0000000000
76e92d8e-4cf5-4792-931e-1e6ae337539c,BASIC,ecoinvent-v3.11,SimaPro-v10.2,UPSTREAM,白云石,"Dolomite {RoW}| dolomite production | Cut-off, S",kg,c52dd6d7-82ff-5c58-8877-e1c3067dff55_8e2a9448-685b-4687-910a-77418454f259,1.0000000000
92599c7f-0c81-4da0-8d32-60200446dc41,BASIC,ecoinvent-v3.11,SimaPro-v10.2,UPSTREAM,彩涂稀释剂,"White spirit {RoW}| white spirit production, petroleum refinery operation | Cut-off, S",kg,f89c7e66-769f-5e2d-82b4-414154267fa2_5f855941-74ab-4d1d-9128-c52f680dc86e,1.0000000000
600e12af-239f-4b71-9ad4-9013fe7dbf30,BASIC,ecoinvent-v3.11,SimaPro-v10.2,UPSTREAM,电极,"Natural graphite, purified {CN}| purified natural graphite production | Cut-off, S",kg,2781cc1d-013c-5f79-b12c-26ed4083b1cb_c9b59220-ae74-44af-946f-e9502e297d39,1.0000000000
15289673-3d4b-479a-a02d-7838f5b7894d,BASIC,ecoinvent-v3.11,SimaPro-v10.2,RECYCLED,高炉污泥/系统拓展 - non-default,"Iron ore, crude ore, 46% Fe {GLO}| iron ore mine operation, 46% Fe | Cut-off, S",kg,2b89c75e-7a7a-5d45-9eb4-846c1793dbe6_686827fc-1f4c-44a4-a361-3ba77f0bc855,1.0000000000
a71ee734-f337-48ef-8ee5-e9f45a488b46,BASIC,ecoinvent-v3.11,SimaPro-v10.2,UPSTREAM,硅石（石英砂）,"Silica sand {RoW}| silica sand production | Cut-off, S",kg,3f430c36-0c02-5421-98d7-6b029693a6dd_c4842286-21e6-4142-bc35-f2c36f1d68a2,1.0000000000
09d80182-f483-4d7d-9903-02bcaae2cde5,BASIC,ecoinvent-v3.11,SimaPro-v10.2,UPSTREAM,黄铜（铜锌）,"Brass {RoW}| brass production | Cut-off, S",kg,a752042a-ac69-536b-88de-516a39b26cad_57771ae0-5e8b-47be-bb73-ba59f2bf8cc8,1.0000000000
0885134d-ddf8-4d21-9ded-5072e5a7f421,BASIC,ecoinvent-v3.11,SimaPro-v10.2,UPSTREAM,聚二甲基硅氧烷(有机硅类消泡剂),"Polydimethylsiloxane {RoW}| polydimethylsiloxane production | Cut-off, S",kg,38101fef-d095-562b-aca9-876a2e8309f1_0dc25044-d414-5564-b7f3-998ef6732374,1.0000000000
fda0d098-5fff-4637-afc7-c22f0548bab3,BASIC,ecoinvent-v3.11,SimaPro-v10.2,UPSTREAM,硫酸,"Sulfuric acid {RoW}| sulfuric acid production | Cut-off, S",kg,6107a361-e07f-531e-966e-edb9178757e6_9d63da75-8289-4b96-a900-67ec3bd40a16,1.0000000000
76f8ffde-93a6-4a4e-bcb2-218ccccca537,BASIC,ecoinvent-v3.11,SimaPro-v10.2,UPSTREAM,锰铁,"Ferromanganese, high-coal, 74.5% Mn {RoW}| ferromanganese production, high-coal, 74.5% Mn | Cut-off, S",kg,5b18a945-3aa5-575a-8725-1854581dfe89_71f57ac0-caa8-4e9d-9b12-221b4f13e458,1.0000000000
7215e608-2fb9-44f8-950f-0544aec6b918,BASIC,ecoinvent-v3.11,SimaPro-v10.2,TRANS_TRUCK,汽运,"Transport, freight, lorry, 16-32 metric ton, diesel, EURO 5 {RoW}| market for transport, freight, lorry, 16-32 metric ton, diesel, EURO 5 | Cut-off, S",tkm,d02d9220-5863-5826-9629-1a3dba826986_f4e8b38b-d6c7-423b-bc9c-13b4a13d55f8,1.0000000000
ef5e9408-8dcd-4d9d-8015-5e0ce504a229,BASIC,ecoinvent-v3.11,SimaPro-v10.2,RECYCLED,锌渣/系统拓展,"Zinc {GLO}| market for zinc | Cut-off, S",kg,8b831c1d-71e5-552c-91b4-156dbbdf48bc_dae5718b-c433-4bd9-9deb-eb3ffc2c889e,1.0000000000
ba920da8-7d7d-441d-b0f4-aea602f6cc0d,BASIC,ecoinvent-v3.11,SimaPro-v10.2,UPSTREAM,氧化铝,"Aluminium oxide, non-metallurgical {CN}| aluminium oxide production | Cut-off, S",kg,7c74eda7-c833-5c52-8150-be7537308e44_96f36f31-8f6a-48f8-921f-1d781b7a545f,1.0000000000
be3eeac7-c044-467c-89f9-6adaf595284c,BASIC,ecoinvent-v3.11,SimaPro-v10.2,RECYCLED,渣钢/系统拓展 - non-default,"Iron ore, crude ore, 46% Fe {GLO}| iron ore mine operation, 46% Fe | Cut-off, S",kg,2b89c75e-7a7a-5d45-9eb4-846c1793dbe6_686827fc-1f4c-44a4-a361-3ba77f0bc855,1.0000000000
611d5f41-e379-4e67-b0b1-b9de2050cdd8,CONS,ecoinvent-v3.11,SimaPro-v10.2,UPSTREAM,氯化钠粉末,"Sodium chloride, powder {RoW}| sodium chloride production, powder | EN15804, S",kg,8a570616-29b7-5a7c-9a59-5d8997a200cd_edcfa83a-363a-4b2d-8d6a-612e32dfcdfc,1.0000000000
6c5b64ee-b711-403b-a4a7-4f1916921893,CONS,ecoinvent-v3.11,SimaPro-v10.2,UPSTREAM,电石,"Calcium carbide, technical grade {RoW}| calcium carbide production, technical grade | EN15804, S",kg,b8e73f55-f754-553e-a556-1291c5bb600a_b2c3da99-4052-4e12-b38f-4efee8371432,1.0000000000
f7b2aa0d-dfe4-41cb-be90-bd51cbdf020a,CONS,ecoinvent-v3.11,SimaPro-v10.2,UPSTREAM,重油,"Heavy fuel oil {RoW}| heavy fuel oil production, petroleum refinery operation | EN15804, S",kg,cdcbfad8-f4cc-5388-a8d5-b4796f96c52e_2966d161-5281-47d6-86d3-efbb0a4b2110,1.0000000000
aeb1a171-2af2-479e-aa9d-d443ef060102,CONS,ecoinvent-v3.11,SimaPro-v10.2,UPSTREAM,磷酸,"Phosphoric acid, industrial grade, without water, in 85% solution state {GLO}| market for phosphoric acid, industrial grade, without water, in 85% solution state | EN15804, S",kg,dac9983a-2a4a-5bd7-892b-601f5d739b79_f4feb7e2-19a8-40af-84e0-9cd7c7142777,1.0000000000
62ec168d-448b-4b75-a9bb-5193374e82b0,BASIC,ecoinvent-v3.11,SimaPro-v10.2,UPSTREAM,白酒精（溶剂、脱脂剂）,"White spirit {RoW}| white spirit production, petroleum refinery operation | Cut-off, S",kg,f89c7e66-769f-5e2d-82b4-414154267fa2_5f855941-74ab-4d1d-9128-c52f680dc86e,1.0000000000
ec6cae57-bbd2-4fab-98b0-4ffdda4e5a61,BASIC,ecoinvent-v3.11,SimaPro-v10.2,UPSTREAM,光伏电,"Electricity, low voltage {CN-SH}| electricity production, photovoltaic, 570kWp open ground installation, multi-Si | Cut-off, S",kWh,35209bd6-b871-5a1d-ab14-5d260cc22239_d69294d7-8d64-4915-a896-9996a014c410,1.0000000000
5afa15f1-9e84-4383-8098-7ad230852b00,BASIC,ecoinvent-v3.11,SimaPro-v10.2,UPSTREAM,华东电网电,"Electricity, high voltage {CN-ECGC}| electricity, high voltage, production mix | Cut-off, S",kWh,97db81b1-8ad5-582f-88a5-b1405bcd1853_66c93e71-f32b-4591-901c-55395db5c132,1.0000000000
efa74e49-7f2a-477a-a079-e73be5fd39ec,BASIC,ecoinvent-v3.11,SimaPro-v10.2,UPSTREAM,攀枝花铁精矿,"Iron ore concentrate {CN}| vanadium-titanomagnetite mine operation and beneficiation | Cut-off, S",kg,7a89e88b-6199-5be6-844c-d150e9c26c70_cb262c3c-a7c7-4781-82e6-e1e90dd92b65,1.0000000000
fcc6096a-8d09-49b0-9020-a2d8cbb1c386,BASIC,ecoinvent-v3.11,SimaPro-v10.2,UPSTREAM,锡矿,"Tin concentrate {RoW}| tin mine operation | Cut-off, S",kg,6fc3e854-bf18-56cd-8448-3a606734519b_e9c18e3b-2479-44af-b865-8169d809b777,1.0000000000
2688383e-fe15-4ba5-8886-8c68d1184be6,BASIC,ecoinvent-v3.11,SimaPro-v10.2,UPSTREAM,钛,"Titanium {GLO}| titanium production | Cut-off, S",kg,3b5f62e0-3086-5445-9472-c9f36d0131ea_a12a26ca-7adf-4ea0-83be-05fdc3c7fc33,1.0000000000
e8e9275d-755e-42b3-8b41-e932d8a75d45,BASIC,ecoinvent-v3.11,SimaPro-v10.2,UPSTREAM,宝武清能-氮气,宝武清能-氮气,m3,,
7cdd63b8-470d-482c-9c50-8478a1d446d3,BASIC,ecoinvent-v3.11,SimaPro-v10.2,UPSTREAM,宝武清能-氧气,宝武清能-氧气,m3,,
27c18082-3f65-4c3c-9fa4-b81f94a5f28a,CONS,ecoinvent-v3.11,SimaPro-v10.2,UPSTREAM,锰矿石,"Manganese concentrate {GLO}| manganese concentrate production | EN15804, S",kg,028fddab-5b5c-5727-9b77-93085630a9d4_03de3d31-34fb-4ed9-872d-4acd5ebd7a92,1.0000000000
45790337-cd04-47ec-8ce7-c121e3a3222b,CONS,ecoinvent-v3.11,SimaPro-v10.2,WASTE,富锌材料处理,"Zinc scrap, post-consumer {GLO}| market for zinc scrap, post-consumer | EN15804, S",kg,199dc409-505c-5349-a3dd-2e08ee4942e3_5d15df3e-fa54-45d5-85c6-5e3f5b89b20e,1.0000000000
7e3dc6a9-41a5-4fd4-99ff-d7c8b18b14d8,CONS,ecoinvent-v3.11,SimaPro-v10.2,UPSTREAM,硅铁,"Ferrosilicon {CN}| ferrosilicon production | EN15804, S",kg,49c17d2d-3881-500b-8d68-fc9de0c12d93_1e87e7db-557d-490d-b0bf-946d78833e56,1.0000000000
c99a8731-cf4d-4cac-af1b-33740646087f,CONS,ecoinvent-v3.11,SimaPro-v10.2,UPSTREAM,粉状生石灰,"Quicklime, milled, loose {RoW}| quicklime production, milled, loose | EN15804, S",kg,5409eef5-113f-5589-b5ac-7ed8b01f60c9_d76a43a4-17da-4713-b4d7-569804af59ab,1.0000000000
16be209f-ff29-4cc0-8e3d-c7e3fc950ab6,CONS,ecoinvent-v3.11,SimaPro-v10.2,UPSTREAM,氢氧化钠,"Sodium hydroxide, without water, in 50% solution state {RoW}| chlor-alkali electrolysis, membrane cell | EN15804, S",kg,85fc4134-34d9-5a30-bff8-e2deb49b7e00_61396bcb-bf35-411a-a6a6-8543ccef83e8,1.0000000000
cba3d439-dd79-466d-9299-99cc6776fba7,CONS,ecoinvent-v3.11,SimaPro-v10.2,UPSTREAM,尿素,"Urea {CN}| market for urea | EN15804, S",kg,a7dc4d5c-3e90-5079-a8bf-d6b54de2d835_9e0c9c28-7d8f-4f18-a769-bff3a4c8c1e5,1.0000000000
bd700e2c-ce66-4216-8771-d781043f188e,CONS,ecoinvent-v3.11,SimaPro-v10.2,UPSTREAM,烧结矿,"Iron sinter {RoW}| iron sinter production | EN15804, S",kg,aa4b93af-79d3-5d28-9b8a-f9be1c208fb4_d4591183-a1ce-4c6d-80fa-761edfb78aec,1.0000000000
ad72e45d-7e1d-4871-ac25-5d76d7f15a26,CONS,ecoinvent-v3.11,SimaPro-v10.2,WASTE,高炉渣处理,"Blast furnace slag {RoW}| market for blast furnace slag | EN15804, S",kg,b0f1b23e-b437-5c8b-85be-04a0056ca7e1_98d3683b-565f-492d-b2df-de9de017bb28,1.0000000000
662f6f74-424c-47c0-b6b5-d610b2725187,CONS,ecoinvent-v3.11,SimaPro-v10.2,UPSTREAM,木炭,"Charcoal {GLO}| charcoal production | EN15804, S",kg,caf63ea0-da70-5f10-9ccb-89807e0e2083_8397cd58-0950-4853-ba0e-97ad2a279edb,1.0000000000
4fedebca-fe1e-490f-9729-e48c72ce8749,BASIC,ecoinvent-v3.11,SimaPro-v10.2,RECYCLED,废油/系统拓展,"Light fuel oil {RoW}| light fuel oil production, petroleum refinery operation | Cut-off, S",kg,a6d93500-2876-59d4-90c2-b11cf3dc5bcd_b89dadb0-75e9-44fd-8d41-1ec8dcce23b6,1.0000000000
f8cdd5d5-45a3-4d58-b3fa-cbff2da2ae9e,BASIC,ecoinvent-v3.11,SimaPro-v10.2,UPSTREAM,焦炭,"Coke {CN}| coke production, dry quenching | Cut-off, S",kg,d78eb9d7-06ac-5754-949b-922032c1a0f0_1fa64d0c-afd7-46ab-b95c-3a54e0902dd0,28.6000000000
20a01dd3-9515-4b36-9641-78dbae7c6cbb,BASIC,ecoinvent-v3.11,SimaPro-v10.2,UPSTREAM,洗油,"Acrylic varnish, with water, in 53% solution state {RoW}| acrylic varnish production, with water, in 53% solution state | Cut-off, S",kg,e51a16ad-4864-595f-bcb7-059635a4fe2a_4f41bd8f-2435-41c8-8a3f-3810f0210766,1.0000000000
99c992bc-68dc-430d-87fb-5d9cbdbe9679,BASIC,ecoinvent-v3.11,SimaPro-v10.2,RECYCLED,转炉煤气/系统拓展,"Natural gas, high pressure {GLO}| market group for natural gas, high pressure | Cut-off, S",m3,5506d618-a91d-5c2a-be9a-bef7cb2d4f2c_a9007f10-7e39-4d50-8f4a-d6d03ce3d673,0.2157663559
46dcfaeb-e106-4e4a-aba1-f310431cd901,CONS,ecoinvent-v3.11,SimaPro-v10.2,UPSTREAM,焦炭,"Coke {CN}| coke production, dry quenching | EN15804, S",kg,60bc3d6c-80a1-5c81-b5eb-acf15b910312_1fa64d0c-afd7-46ab-b95c-3a54e0902dd0,28.6000000000
2ec7760d-e523-4b31-a139-34495a0d3c72,CONS,ecoinvent-v3.11,SimaPro-v10.2,UPSTREAM,基础油,"Base oil {RoW}| base oil production, petroleum refinery operation | EN15804, S",kg,91835ec5-c2eb-5ab6-9a1f-c36659e4cb03_06eb6d76-0ac1-5ba6-aa9b-6b0228e0dd96,1.0000000000
24beaef1-f7f8-42f8-89c4-b90a37f5c251,CONS,ecoinvent-v3.11,SimaPro-v10.2,UPSTREAM,液化天然气,"Natural gas, liquefied {GLO}| market for natural gas, liquefied | EN15804, S",m3,a56de8c7-a775-58be-9a8f-624860119606_1570a766-fe08-427f-94cb-6947995117ec,1.0000000000
ac465659-1b98-4a74-b0c7-b3a6709993b6,CONS,ecoinvent-v3.11,SimaPro-v10.2,UPSTREAM,水泥熟料,"Clinker {RoW}| clinker production | EN15804, S",kg,c399b756-6699-5a36-b261-410f5bdbccdf_1f41586d-0d8a-4c7c-8473-dd8351bab538,1.0000000000
a9811b40-ab09-4821-810e-7a3217c77f90,CONS,ecoinvent-v3.11,SimaPro-v10.2,UPSTREAM,蒸汽（高压）,"Heat, from steam, in chemical industry {RoW}| steam production, as energy carrier, in chemical industry | EN15804, S",kg,f542ee67-b5a4-526f-8742-f007a8dbbfa4_63ead738-2005-498c-8359-7f65c134a1a4,3.4889800000
f80be057-02a3-4751-a6f2-781a4c8b3daa,BASIC,ecoinvent-v3.11,SimaPro-v10.2,RECYCLED,钢渣/系统拓展 - non-default,"Iron ore, crude ore, 46% Fe {GLO}| iron ore mine operation, 46% Fe | Cut-off, S",kg,2b89c75e-7a7a-5d45-9eb4-846c1793dbe6_686827fc-1f4c-44a4-a361-3ba77f0bc855,1.0000000000
4cbd3cb5-ea00-4e91-8a94-d08beacbd001,BASIC,ecoinvent-v3.11,SimaPro-v10.2,UPSTREAM,氢气,"Hydrogen, gaseous, low pressure {RoW}| unsaturated hydrocarbons production, steam cracking operation, average | Cut-off, S",m3,8c13342f-942a-580a-8922-89def2f48257_d899ab8e-58d3-47fa-bf64-45989f7da5be,1.0000000000
1913b5be-488d-4f0f-8f8b-417c4abb7a34,BASIC,ecoinvent-v3.11,SimaPro-v10.2,UPSTREAM,石灰石粉,"Limestone, milled, loose {RoW}| limestone production, milled, loose | Cut-off, S",kg,1a7fbe85-4a37-5016-9e80-31a383a83195_a00b7e35-1bc7-4b73-9df8-05f3dd07ffdb,1.0000000000
e128a570-da73-416d-8298-744c1b13584b,BASIC,ecoinvent-v3.11,SimaPro-v10.2,UPSTREAM,石灰石粒,"Limestone, crushed, for mill {RoW}| limestone production, crushed, for mill | Cut-off, S",kg,d9283258-2aa5-5da0-b1a1-4d04782b0f13_6dff6412-4b37-4689-8187-f07be186feef,1.0000000000
1753acdb-9c5c-4563-9bba-4b3b7b297061,BASIC,ecoinvent-v3.11,SimaPro-v10.2,WASTE,实验室废物处理,"Municipal solid waste {RoW}| treatment of municipal solid waste, sanitary landfill | Cut-off, S",kg,6aad7712-3e82-50e5-be21-25d1d189230a_27da8130-82ba-485c-a800-b89efdcb0491,1.0000000000
7655a78c-bbf0-471a-aa43-44b5cab2fbf3,BASIC,ecoinvent-v3.11,SimaPro-v10.2,UPSTREAM,硝酸,"Nitric acid, without water, in 50% solution state {CN}| market for nitric acid, without water, in 50% solution state | Cut-off, S",kg,50547412-53a8-5404-b049-1dc9f1be99a0_68db7412-ba35-488b-8a45-9a9f48448522,1.0000000000
b1638a0c-902c-4736-9b55-bbebc6352689,CONS,ecoinvent-v3.11,SimaPro-v10.2,UPSTREAM,消石灰Ca(OH)2,"Hydrated lime, loose {RoW}| hydrated lime production, loose | EN15804, S",kg,2a663e52-4322-5753-86fe-3d321d743e51_e40cb987-863a-4eb1-9e2d-f6e78320288f,1.0000000000
c3b40283-a4e5-465d-b08c-a3aede4a7c59,CONS,ecoinvent-v3.11,SimaPro-v10.2,UPSTREAM,锑,"Antimony {CN}| antimony production | EN15804, S",kg,37533c24-0e51-523d-9116-5660c4c9eb08_6a38ebd7-c7d9-41aa-941e-84772a9b40be,1.0000000000
087cb702-5bd4-4d31-b8e7-0519d4bc5658,CONS,ecoinvent-v3.11,SimaPro-v10.2,UPSTREAM,硫酸钠,"Sodium sulfate, anhydrite {RoW}| sodium sulfate production, from natural sources | EN15804, S",kg,7297f111-38b5-56b7-9960-b220c87ba5e0_2cfef82e-cb0d-4864-8163-9651fc6c25eb,1.0000000000
7460ac6c-bb01-4239-8ec8-1dda5b4fe989,CONS,ecoinvent-v3.11,SimaPro-v10.2,UPSTREAM,锰,"Manganese {RoW}| manganese production | EN15804, S",kg,a0597110-a42f-5775-8d00-f74fa17f853d_f42f6024-a63f-4cf7-9f70-4f40380a062e,1.0000000000
2907a1c1-ee96-4af7-a138-027c48da2e24,CONS,ecoinvent-v3.11,SimaPro-v10.2,WASTE,实验室废物处理/东山,"Municipal solid waste {RoW}| treatment of municipal solid waste, sanitary landfill | EN15804, S",kg,a2908410-8b48-52d5-8832-e846f004710e_27da8130-82ba-485c-a800-b89efdcb0491,1.0000000000
87773255-e0ef-4918-b692-9b721042d193,BASIC,ecoinvent-v3.11,SimaPro-v10.2,WASTE,废塑料处理,"Waste plastic, mixture {RoW}| treatment of waste plastic, mixture, municipal incineration | Cut-off, S",kg,1532887d-c76d-59b9-8ecd-28a62bf3ab1b_88afd721-07ec-4910-a004-fa3fecb6bf70,1.0000000000
aca8a4a9-773b-4ff6-bb24-58e55e2b376f,BASIC,ecoinvent-v3.11,SimaPro-v10.2,WASTE,废荧光灯处理,"Used fluorescent lamp {GLO}| treatment of used fluorescent lamp | Cut-off, S",kg,ee860bdc-c4f8-53bc-ada7-b710ce77351f_8812c7e1-f109-48d6-98ab-814b18493716,1.0000000000
a3d36b5d-f282-4b6b-801e-f8a76cbb949c,BASIC,ecoinvent-v3.11,SimaPro-v10.2,UPSTREAM,邻苯二甲酸型不饱和聚酯树脂,"Orthophthalic acid based unsaturated polyester resin {RoW}| orthophthalic acid based unsaturated polyester resin production | Cut-off, S",kg,d84c54b1-a60a-5b98-bb5c-3ed4e8062b30_e28d7a4d-fb38-4f5e-aac0-359ecef77b45,1.0000000000
e3202cbc-5382-4ab3-8b10-a19ea7d56891,BASIC,ecoinvent-v3.11,SimaPro-v10.2,UPSTREAM,硫磺,"Sulfur {RoW}| sulfur production, petroleum refinery operation | Cut-off, S",kg,b4d2e6ac-2a1d-5363-ba21-355e5c985d59_fe8e025f-14c8-4abd-86df-1797ab26d3db,1.0000000000
71939b3f-b933-4b63-8687-33d2fdf85def,BASIC,ecoinvent-v3.11,SimaPro-v10.2,UPSTREAM,铁精矿,"Iron ore concentrate {RoW}| iron ore beneficiation | Cut-off, S",kg,0a34b40e-c298-5f91-ae34-3a03d75ce237_cb262c3c-a7c7-4781-82e6-e1e90dd92b65,1.0000000000
f84ca190-7be7-4042-8fe6-18ec37552075,BASIC,ecoinvent-v3.11,SimaPro-v10.2,UPSTREAM,盐酸,"Hydrochloric acid, without water, in 30% solution state {RoW}| hydrochloric acid production, Mannheim process | Cut-off, S",kg,7730f9ad-e795-5b0b-9d7b-5bb274693f4b_3ab60559-40d3-42e4-9cac-476a519098fa,1.0000000000
f420a0e5-5e70-4754-8bb6-e8e92a734eb6,CONS,ecoinvent-v3.11,SimaPro-v10.2,WASTE,废矿物油处理,"Waste mineral oil {RoW}| market for waste mineral oil | EN15804, S",kg,252f6ff4-82b8-5dc1-9e81-f23d4720353e_1b30b018-ac39-41f4-a9e0-92057eef8bb8,1.0000000000
c2e69341-d411-444a-b6c0-5e275bc3d7db,CONS,ecoinvent-v3.11,SimaPro-v10.2,UPSTREAM,尼龙,"Nylon 6-6 {RoW}| nylon 6-6 production | EN15804, S",kg,374777c2-5b5c-52fb-b39d-dbe75b7a920d_b167bcef-715e-4136-a743-2fae79a086d3,1.0000000000
b4516042-b924-4f37-8538-9c80d43bc509,CONS,ecoinvent-v3.11,SimaPro-v10.2,UPSTREAM,煤焦油,"Coal tar {CN}| coke production, dry quenching | EN15804, S",kg,60bc3d6c-80a1-5c81-b5eb-acf15b910312_d70d5efd-b120-4c9d-8192-d799fe431bfa,1.0000000000
beba5da8-0617-4773-8273-2feb0f7d2536,CONS,ecoinvent-v3.11,SimaPro-v10.2,UPSTREAM,硅石（石英砂）,"Silica sand {RoW}| silica sand production | EN15804, S",kg,c8beff2a-110a-5535-8292-f13fdf10790b_c4842286-21e6-4142-bc35-f2c36f1d68a2,1.0000000000
9560e8c5-fcfe-43c1-93b7-88b07d27afe2,CONS,ecoinvent-v3.11,SimaPro-v10.2,UPSTREAM,惰性建筑填料,"Inert filler {GLO}| sand to generic market for inert filler | EN15804, S",kg,cf5af809-5a41-5a92-a987-fd7c1bea2255_54894ebe-5eae-4fd7-8d35-f715e15c673b,1.0000000000
7c33aff7-6dbe-4f5f-8532-f806b1c06083,CONS,ecoinvent-v3.11,SimaPro-v10.2,UPSTREAM,次氯酸钠,"Sodium hypochlorite, without water, in 15% solution state {RER}| market for sodium hypochlorite, without water, in 15% solution state | EN15804, S",kg,d2552779-b1a7-53b3-b6f3-3835c152ef62_96501bb6-a68f-41f5-a067-92137e816e05,1.0000000000
670da9fb-53f8-4a2f-924b-f1c990ba209b,CONS,ecoinvent-v3.11,SimaPro-v10.2,UPSTREAM,硅酸盐（硅酸钠）,"Sodium silicate, solid {RoW}| sodium silicate production, furnace process, solid product | EN15804, S",kg,ef7590fa-cc33-56f6-be5e-4f0f3b8b6133_77e110eb-c54c-4210-8c49-38aff74dac63,1.0000000000
bac6610b-ebd1-4841-a7e7-835aa5799341,CONS,ecoinvent-v3.11,SimaPro-v10.2,UPSTREAM,蒸汽（中压）,"Heat, from steam, in chemical industry {RoW}| steam production, as energy carrier, in chemical industry | EN15804, S",kg,f542ee67-b5a4-526f-8742-f007a8dbbfa4_63ead738-2005-498c-8359-7f65c134a1a4,3.1385700000
e4fe5bc1-acb6-4814-9830-3cbbbab5a8c3,CONS,ecoinvent-v3.11,SimaPro-v10.2,UPSTREAM,邻苯二甲酸型不饱和聚酯树脂,"Orthophthalic acid based unsaturated polyester resin {RoW}| orthophthalic acid based unsaturated polyester resin production | EN15804, S",kg,fb51f795-d4db-5dfd-85d3-15743c323933_e28d7a4d-fb38-4f5e-aac0-359ecef77b45,1.0000000000
55ed5a86-eb24-4130-a67b-e1050c87ba02,BASIC,ecoinvent-v3.11,SimaPro-v10.2,UPSTREAM,磁粉,"Magnetite {GLO}| magnetite production | Cut-off, S",kg,25de8478-0452-5bdb-bbad-9775120fe109_bb73c354-cfef-4666-8d3d-195a5b7e5436,1.0000000000
ab8981a6-2d7b-494c-9beb-aaf5efce4027,BASIC,ecoinvent-v3.11,SimaPro-v10.2,UPSTREAM,惰性建筑填料,"Inert filler {GLO}| sand to generic market for inert filler | Cut-off, S",kg,cfb135bd-d34c-583a-ad6b-c9f41963dce9_54894ebe-5eae-4fd7-8d35-f715e15c673b,1.0000000000
d3c906eb-4ebd-479f-bb49-e6728f48980c,BASIC,ecoinvent-v3.11,SimaPro-v10.2,WASTE,废木材处理,"Waste wood, untreated {RoW}| market for waste wood, untreated | Cut-off, S",kg,ec4af802-1ff8-5e0b-ab75-858168d9ad1c_6f2eb438-cde2-4d07-a770-d023a988a9c4,1.0000000000
9ad6bc1b-cd16-4c66-bd6b-7e79f9d1aaec,BASIC,ecoinvent-v3.11,SimaPro-v10.2,UPSTREAM,过氧化氢,"Hydrogen peroxide, without water, in 50% solution state {RoW}| hydrogen peroxide production, product in 50% solution state | Cut-off, S",kg,efd0b3c0-13d1-51b3-8907-ca3c02ed57a6_26c92545-7995-491d-bcca-ee6d590ef194,1.0000000000
d623ccd9-3b8e-4408-a254-73ee9836235e,BASIC,ecoinvent-v3.11,SimaPro-v10.2,UPSTREAM,硫酸镍,"Nickel sulfate {GLO}| cobalt production | Cut-off, S",kg,26d02085-1dec-5979-977d-a1cef20bcfd4_d1c50e71-41bf-40ea-a259-0fc490c8e0c5,1.0000000000
fa178f3a-b5db-4b6f-99ae-0bc7956e99d9,BASIC,ecoinvent-v3.11,SimaPro-v10.2,UPSTREAM,硫酸铁（Fe2(SO4)3),"Iron(III) sulfate, without water, in 12.5% iron solution state {RoW}| iron(III) sulfate production, without water, in 12.5% iron solution state | Cut-off, S",kg,58e0560b-0ed7-535b-9d6a-a4557ee84abc_1211687f-b185-4e5d-9620-41515a66a390,1.0000000000
7924ebf6-c3e9-4cfa-aca8-3630295edac8,BASIC,ecoinvent-v3.11,SimaPro-v10.2,UPSTREAM,铝,"Aluminium, primary, ingot {CN}| aluminium production, primary, ingot | Cut-off, S",kg,27d7c92f-85ea-5f92-9765-dca812644b87_44defed2-3dc7-4d59-b3bc-23dacf1b9140,1.0000000000
63dadf12-d43e-4c64-8ae3-1d932089a17a,BASIC,ecoinvent-v3.11,SimaPro-v10.2,UPSTREAM,镍,"Nickel, class 1 {GLO}| market for nickel, class 1 | Cut-off, S",kg,0837331c-09f4-575a-8240-de39661872e9_23fccced-e1e5-421d-9abe-5b59c51a862e,1.0000000000
2c80e022-baad-4269-862f-c713e902219f,BASIC,ecoinvent-v3.11,SimaPro-v10.2,UPSTREAM,氢氧化钾,"Potassium hydroxide {RoW}| potassium hydroxide production | Cut-off, S",kg,258cefda-74f5-56ba-9765-a6ec5983fe12_56190f78-7eaa-434a-b949-fc4bcbd4b8a8,1.0000000000
6fb40968-862a-4c53-a48a-55e45a8b3a9e,BASIC,ecoinvent-v3.11,SimaPro-v10.2,UPSTREAM,氢氧化钠,"Sodium hydroxide, without water, in 50% solution state {RoW}| chlor-alkali electrolysis, membrane cell | Cut-off, S",kg,db10a1c6-8a09-5108-b7ab-26e5b060a8bd_61396bcb-bf35-411a-a6a6-8543ccef83e8,1.0000000000
aaa79245-d1f0-4780-bc99-0315a7713671,BASIC,ecoinvent-v3.11,SimaPro-v10.2,UPSTREAM,热轧低合金钢卷/板材,"Steel, low-alloyed, hot rolled {GLO}| market for steel, low-alloyed, hot rolled | Cut-off, S",kg,600905ba-69b2-5101-abe8-a3c3a67b369c_8cb650d5-8a48-4719-81b1-2080b3b4387f,1.0000000000
84a1e88c-05d5-44fc-b88d-0570bbc27313,BASIC,ecoinvent-v3.11,SimaPro-v10.2,UPSTREAM,石墨,"Graphite {RoW}| graphite production | Cut-off, S",kg,cf3d2ce8-977e-5aa6-b0df-b9e3363d1ad7_6326adcd-063f-4c42-ae99-973bd21cbb20,1.0000000000
54e76a4c-dc2f-45df-94e0-467e3dce948e,BASIC,ecoinvent-v3.11,SimaPro-v10.2,UPSTREAM,水泥熟料,"Clinker {RoW}| clinker production | Cut-off, S",kg,168b5d3f-b397-5651-a21e-b3c24c40dc40_1f41586d-0d8a-4c7c-8473-dd8351bab538,1.0000000000
25567aae-da91-464d-b914-c152ae51e6c1,BASIC,ecoinvent-v3.11,SimaPro-v10.2,UPSTREAM,碳化硅,"Silicon carbide {GLO}| market for silicon carbide | Cut-off, S",kg,910a4f67-268b-56ae-8236-1588d9c86f92_626d96ee-f1a6-444d-9b67-f8e6f8e29d22,1.0000000000
c086762f-5e7d-4ea0-92af-29993cd9ef8a,BASIC,ecoinvent-v3.11,SimaPro-v10.2,UPSTREAM,碳酸氢钠,"Sodium bicarbonate {RoW}| soda production, solvay process | Cut-off, S",kg,4e87d869-da3f-5e74-a55c-83fa7c0a6db2_033be19b-ca83-4d9e-8dd6-476ef15203cd,1.0000000000
7db67a15-3837-42cc-a694-4b3b39c5af3f,BASIC,ecoinvent-v3.11,SimaPro-v10.2,UPSTREAM,氧化铬,"Chromium trioxide, flakes {GLO}| market for chromium trioxide, flakes | Cut-off, S",kg,70cd809e-317e-5501-bdac-31a772b6379c_45fdcba1-32e8-462e-b7a3-932ad3dd761b,1.0000000000
d5e7c210-7348-48ed-81b1-190903b31eaf,BASIC,ecoinvent-v3.11,SimaPro-v10.2,UPSTREAM,自来水,"Tap water {RoW}| tap water production, direct filtration treatment | Cut-off, S",kg,ff98f261-c2e1-537a-9611-4c5f651b48e9_c5adb1fb-872e-4446-a3bb-c4b61aa4bd45,1.0000000000
15f98e3d-76b3-46db-bf60-77091b969d89,CONS,ecoinvent-v3.11,SimaPro-v10.2,WASTE,废石膏处理,"Waste gypsum {RoW}| treatment of waste gypsum, inert material landfill | EN15804, S",kg,14499c07-14af-53c4-ad84-83edfee17512_27a9b2b8-30cd-45a6-bf1a-9c1f7afde003,1.0000000000
568d7ba2-a2cb-463c-95c5-220853706597,CONS,ecoinvent-v3.11,SimaPro-v10.2,UPSTREAM,萤石,"Fluorspar, 97% purity {GLO}| fluorspar production, 97% purity | EN15804, S",kg,9d1e2f70-b04d-5937-b5f3-46380f942964_135a0add-c182-4582-9343-dfdbda7fc0c1,1.0000000000
2fcac100-8d50-42d6-a085-04862c21a14e,CONS,ecoinvent-v3.11,SimaPro-v10.2,UPSTREAM,铬铁,"Ferrochromium, high-carbon, 55% Cr {RoW}| ferrochromium production, high-carbon, 55% Cr | EN15804, S",kg,b79c8741-c255-5370-a024-016c3bc6c908_acb2a59b-ce48-43b9-8d27-31fbd5030e70,1.0000000000
7b991578-8453-4359-a92f-421e82177922,CONS,ecoinvent-v3.11,SimaPro-v10.2,UPSTREAM,过氧化氢,"Hydrogen peroxide, without water, in 50% solution state {RoW}| hydrogen peroxide production, product in 50% solution state | EN15804, S",kg,d9693548-90d8-5260-a6bf-77d44e32c140_26c92545-7995-491d-bcca-ee6d590ef194,1.0000000000
def3c885-1835-43b1-9468-badea78155b5,BASIC,ecoinvent-v3.11,SimaPro-v10.2,UPSTREAM,苯酚钠,"Sodium phenolate {RoW}| sodium phenolate production | Cut-off, S",kg,5c63de53-bc08-5af5-9960-7ebf0c984946_7ea592df-7f46-4f29-9056-874760d3f37c,1.0000000000
c89c3b07-7920-48b8-8752-7fb068088633,BASIC,ecoinvent-v3.11,SimaPro-v10.2,UPSTREAM,低合金钢,"Steel, low-alloyed {GLO}| market for steel, low-alloyed | Cut-off, S",kg,85de5071-39df-5e61-8afd-fa35897763c3_817c3650-4fed-4ef2-b9b6-404a198834e6,1.0000000000
9fc265ae-65b2-4600-b33b-8a776e9b8bb2,BASIC,ecoinvent-v3.11,SimaPro-v10.2,UPSTREAM,聚合氯化铝,"Polyaluminium chloride {GLO}| polyaluminium chloride production | Cut-off, S",kg,ebeaebd4-50d3-58a9-86e9-511b03973eb1_f2482f81-8982-531b-8e49-ffa38a6f01eb,1.0000000000
efcc5268-d1ab-473c-b25f-3b93bcf69a3d,BASIC,ecoinvent-v3.11,SimaPro-v10.2,UPSTREAM,冷轧低合金钢卷/板材,"Steel, low-alloyed, hot rolled {GLO}| market for steel, low-alloyed, hot rolled | Cut-off, S；Sheet rolling, steel {GLO}| market for sheet rolling, steel | Cut-off, S",kg,32b59583-d24c-5ef7-9e09-a03b20935ca0_e2f62697-57d4-42fe-95bf-c85fd32a9cf0,1.0000000000
26940783-fe6b-4ad8-916e-be302984e4bd,BASIC,ecoinvent-v3.11,SimaPro-v10.2,UPSTREAM,消石灰Ca(OH)2,"Hydrated lime, loose {RoW}| hydrated lime production, loose | Cut-off, S",kg,0b44384a-fde8-5bf9-9f21-7255446b79bc_e40cb987-863a-4eb1-9e2d-f6e78320288f,1.0000000000
7389a887-4e1d-42fd-9c84-3d55a29c71bb,BASIC,ecoinvent-v3.11,SimaPro-v10.2,UPSTREAM,压缩空气,"Compressed air, 700 kPa gauge {RoW}| compressed air production, 700 kPa gauge, >30kW, optimized generation | Cut-off, S",m3,71aa7c44-1150-548e-989e-d127491562d4_ed3b2533-9ae2-4f2d-85de-c24200ce8975,1.0000000000
1c846a87-59ef-41ab-9e88-c0b305c32ec0,BASIC,ecoinvent-v3.11,SimaPro-v10.2,UPSTREAM,油漆溶剂,"Solvent for paint {GLO}| white spirit to generic market for solvent for paint | Cut-off, S",kg,405938e2-07d9-5d87-823a-475366abcabb_c8f690ff-9611-4d67-85fa-c1ce5b5f8e20,1.0000000000
713b5208-6a9e-4e06-ad7e-1bddb4c3f8f3,CONS,ecoinvent-v3.11,SimaPro-v10.2,UPSTREAM,白酒精（溶剂、脱脂剂）,"White spirit {RoW}| white spirit production, petroleum refinery operation | EN15804, S",kg,57ac4892-81ee-574a-aa12-e96104b15652_5f855941-74ab-4d1d-9128-c52f680dc86e,1.0000000000
1f471929-c1c0-4daa-92e9-9d8acc6cab56,CONS,ecoinvent-v3.11,SimaPro-v10.2,UPSTREAM,镍,"Nickel, class 1 {GLO}| market for nickel, class 1 | EN15804, S",kg,58b072a5-2939-5fa0-9d8d-2a26b3a67abe_23fccced-e1e5-421d-9abe-5b59c51a862e,1.0000000000
32d4cd74-4448-422d-b62f-4d693c74b2c9,CONS,ecoinvent-v3.11,SimaPro-v10.2,UPSTREAM,镍铬铁,"Iron-nickel-chromium alloy {GLO}| market for iron-nickel-chromium alloy | EN15804, S",kg,6931c85f-eb59-574f-bb8f-d435939f0299_55cd1ee7-9869-4248-8800-1be2f66267aa,1.0000000000
b2dbe041-2b1e-4085-86c6-04989f63bc0a,BASIC,ecoinvent-v3.11,SimaPro-v10.2,UPSTREAM,柴油,"Diesel {RoW}| diesel production, petroleum refinery operation | Cut-off, S",kg,0edc5bb9-44f0-5f50-b226-9e6030935281_291fc06d-1b3e-4077-aabb-346b588ed24b,1.0000000000
28368f7c-dafc-4ff0-9a9b-682fb80a2703,BASIC,ecoinvent-v3.11,SimaPro-v10.2,WASTE,废耐火材料处理,"Inert waste, for final disposal {RoW}| treatment of inert waste, inert material landfill | Cut-off, S",kg,51b1a43a-e546-5f8f-aef6-4e335b9eea2e_240c1a3c-1aba-4528-afc3-3f27f56583be,1.0000000000
1a371afe-e838-4001-8b21-dbe651e9e1e4,BASIC,ecoinvent-v3.11,SimaPro-v10.2,WASTE,固废垃圾填埋处理,"Inert waste, for final disposal {RoW}| treatment of inert waste, inert material landfill | Cut-off, S",kg,51b1a43a-e546-5f8f-aef6-4e335b9eea2e_240c1a3c-1aba-4528-afc3-3f27f56583be,1.0000000000
4fa9e60e-112e-43c7-9e6d-65c83d3b1186,BASIC,ecoinvent-v3.11,SimaPro-v10.2,UPSTREAM,硅铁,"Ferrosilicon {CN}| ferrosilicon production | Cut-off, S",kg,fd97bf27-5f35-52b7-9e5b-e4d1f45eeff2_1e87e7db-557d-490d-b0bf-946d78833e56,1.0000000000
086b4175-a783-4491-8535-01b739145609,BASIC,ecoinvent-v3.11,SimaPro-v10.2,TRANS_SEA,海运,"Transport, freight, sea, bulk carrier for dry goods, heavy fuel oil {GLO}| market for transport, freight, sea, bulk carrier for dry goods, heavy fuel oil | Cut-off, S",tkm,d6fd970f-94ae-581a-9925-ec9aa4ed2a2b_eeb68c18-502b-4117-a033-a5daf24322fc,1.0000000000
50b2cb4f-cd14-41ca-af39-250f169c9767,BASIC,ecoinvent-v3.11,SimaPro-v10.2,WASTE,含铅废电池处理,"Lead {RoW}| treatment of scrap lead acid battery, remelting | Cut-off, S",kg,f07190ae-7771-5c75-b1ae-88f2ddf42740_237b35c6-69e1-49c4-8e99-0be6c1b1806e,1.0000000000
275b1719-8f40-4a80-9813-95cd4e4218a6,BASIC,ecoinvent-v3.11,SimaPro-v10.2,RECYCLED,焦油/系统拓展,"Pitch {RoW}| pitch production, petroleum refinery operation | Cut-off, S",kg,a559c8d0-8e06-5498-8aa3-f37f4dbeb15b_e7a17355-8575-4be4-8c51-85e38b19b3f3,1.0000000000
d3b4a406-20e8-4492-810d-6285e13f6e6f,BASIC,ecoinvent-v3.11,SimaPro-v10.2,UPSTREAM,磷酸盐（磷酸钠）,"Sodium phosphate {RoW}| sodium phosphate production | Cut-off, S",kg,67eac1fd-fd13-55f0-9e8a-b31578f3571b_2fc288b5-3414-4086-9658-84fd71ebf6ac,1.0000000000
27bc7aa5-4dfa-4fa5-b408-11df9445d88d,CONS,ecoinvent-v3.11,SimaPro-v10.2,UPSTREAM,磁粉,"Magnetite {GLO}| magnetite production | EN15804, S",kg,01eeafd8-1a29-5c35-8fbb-ceb7e30e50aa_bb73c354-cfef-4666-8d3d-195a5b7e5436,1.0000000000
daa07190-7540-4875-ad8d-f34b55887583,CONS,ecoinvent-v3.11,SimaPro-v10.2,UPSTREAM,蜡,"Wax, lost-wax casting {GLO}| wax production, for lost-wax metal casting | EN15804, S",kg,27a3ced2-799c-52e5-8e22-9dd8d25d6742_4eeec3b3-48e8-410d-be38-63785564065e,1.0000000000
db86395e-b827-4339-a1bb-d139d149ef54,CONS,ecoinvent-v3.11,SimaPro-v10.2,UPSTREAM,聚丙烯酰胺,"Polyacrylamide {GLO}| polyacrylamide production | EN15804, S",kg,6aa32f1d-44d9-5d19-b45f-d19f900efc20_29f75a6a-e5cd-40f6-8f84-797deb0ef98c,1.0000000000
e5060633-c0ad-4f2f-84df-80269af0b179,CONS,ecoinvent-v3.11,SimaPro-v10.2,UPSTREAM,硫酸亚铁,"Iron sulfate {RoW}| iron sulfate production | EN15804, S",kg,e9ed4896-2cfa-59e4-9f15-935488d31e86_c614ee4a-ee63-4b51-b129-8a18a5e458fe,1.0000000000
b2498bdf-5dd1-47cd-bc91-143b3f09a501,CONS,ecoinvent-v3.11,SimaPro-v10.2,TRANS_RIVER,河运,"Transport, freight, inland waterways, barge, diesel {GLO}| market group for transport, freight, inland waterways, barge, diesel | EN15804, S",tkm,f0cfcd64-fb22-5bc2-841a-ac746aa07ebe_068bf76a-bfaa-435c-85ed-3d2bb2c4bb4f,1.0000000000
7f9034df-496f-40dd-9b85-50db7a5d4f31,BASIC,ecoinvent-v3.11,SimaPro-v10.2,UPSTREAM,彩涂清洗剂,"White spirit {RoW}| white spirit production, petroleum refinery operation | Cut-off, S",kg,f89c7e66-769f-5e2d-82b4-414154267fa2_5f855941-74ab-4d1d-9128-c52f680dc86e,1.0000000000
7942eb9b-02c0-426e-80d3-ca3f2e30e0fa,BASIC,ecoinvent-v3.11,SimaPro-v10.2,UPSTREAM,低压蒸汽（2.78649MJ/kg）,"Heat, from steam, in chemical industry {RoW}| steam production, as energy carrier, in chemical industry | Cut-off, S",kg,9dd20299-790b-5527-9170-0d71684d2be5_63ead738-2005-498c-8359-7f65c134a1a4,2.7864900000
92afbc0a-9b00-40fa-861d-0828382df740,BASIC,ecoinvent-v3.11,SimaPro-v10.2,UPSTREAM,钢管,"Chromium steel pipe {GLO}| chromium steel pipe production | Cut-off, S",kg,87eddf6c-1f4d-52e7-9a9e-d2df0d360dc5_39d6e8fc-3213-473b-b515-9d0fd85d3a33,1.0000000000
970b7fc7-ff61-41d9-8008-38fbd1bd8849,BASIC,ecoinvent-v3.11,SimaPro-v10.2,UPSTREAM,镍铁,"Ferronickel {GLO}| ferronickel production | Cut-off, S",kg,b6c78c82-eb05-5e70-9249-6a77e1382675_71d0cff1-7f13-4476-94a9-4eaaec98d225,1.0000000000
d65c6f88-0c8d-45ea-8980-7d0fa4e842b2,BASIC,ecoinvent-v3.11,SimaPro-v10.2,UPSTREAM,双酚 A 环氧基乙烯酯树脂,"Bisphenol A epoxy based vinyl ester resin {RoW}| bisphenol A epoxy based vinyl ester resin production | Cut-off, S",kg,c46412de-7888-500d-ba1f-d8694ea02397_b48fcb84-1e4e-4660-8cf2-d1ee7467d060,1.0000000000
6a07e73a-0d9b-462f-8914-634a378b547f,BASIC,ecoinvent-v3.11,SimaPro-v10.2,UPSTREAM,锑,"Antimony {CN}| antimony production | Cut-off, S",kg,de979b95-cae1-5c87-b46d-812611964c79_6a38ebd7-c7d9-41aa-941e-84772a9b40be,1.0000000000
eb515954-d116-4683-8946-b7ad26c54842,BASIC,ecoinvent-v3.11,SimaPro-v10.2,RECYCLED,脱硫石膏/系统拓展法 - non-default,"Gypsum, mineral {RoW}| gypsum quarry operation | Cut-off, S",kg,31d23b7c-a999-534c-ac50-c835c89c9507_dd0cbafd-b176-4ba4-860a-25a2e0663d14,1.0000000000
8ef0d7d4-d718-45f0-bfbe-f6c601759369,BASIC,ecoinvent-v3.11,SimaPro-v10.2,UPSTREAM,稀土合金,"Mischmetal {GLO}| mischmetal production, primary | Cut-off, S",kg,4a862a68-49a0-5ad4-9715-d1afac04439a_474e7001-a158-4379-8793-e02f0c14bbfe,1.0000000000
19d2f3f1-c662-4566-a735-dd73bcbdce8b,CONS,ecoinvent-v3.11,SimaPro-v10.2,WASTE,废铅蓄电池处理/东山,"Lead in car shredder residue {RoW}| market for lead in car shredder residue | EN15804, S",kg,0417a773-db7e-51e5-b703-c5218607a579_4353d08b-bc28-419e-8a6c-d319d6e488a2,1.0000000000
bd37d631-94ce-475a-b7fe-7607683e5a9b,CONS,ecoinvent-v3.11,SimaPro-v10.2,UPSTREAM,苯,"Benzene {CN}| coke production, dry quenching | EN15804, S",kg,60bc3d6c-80a1-5c81-b5eb-acf15b910312_f598c5db-f614-47c6-a037-2ab56003e360,1.0000000000
2c5c266a-12ac-44a8-aed6-191d01aa0de7,CONS,ecoinvent-v3.11,SimaPro-v10.2,UPSTREAM,柴油,"Diesel {RoW}| diesel production, petroleum refinery operation | EN15804, S",kg,63c39910-ef63-5929-8389-e743c75e5582_291fc06d-1b3e-4077-aabb-346b588ed24b,1.0000000000
b280aa52-98c7-4a59-99ca-3603d0a83030,CONS,ecoinvent-v3.11,SimaPro-v10.2,UPSTREAM,洗油,"Acrylic varnish, with water, in 53% solution state {RoW}| acrylic varnish production, with water, in 53% solution state | EN15804, S",kg,b62fc095-36a9-5227-ba46-bf4750e0f790_4f41bd8f-2435-41c8-8a3f-3810f0210766,1.0000000000
9b5f86ec-48d7-440e-8e8d-93a3e1c208cc,CONS,ecoinvent-v3.11,SimaPro-v10.2,UPSTREAM,碳化硅,"Silicon carbide {GLO}| market for silicon carbide | EN15804, S",kg,be7b57ab-a887-5889-9ef7-d155eaeabb68_626d96ee-f1a6-444d-9b67-f8e6f8e29d22,1.0000000000
fce5af0f-f87c-406c-b91c-f0ee46cf8116,CONS,ecoinvent-v3.11,SimaPro-v10.2,UPSTREAM,天然气,"Natural gas, high pressure {GLO}| market group for natural gas, high pressure | EN15804, S",m3,cfdd4bae-09b4-5f22-98fe-218bda287b73_a9007f10-7e39-4d50-8f4a-d6d03ce3d673,1.0000000000
7a565627-3c50-46d1-b2fa-6bc20c4e1e28,BASIC,ecoinvent-v3.11,SimaPro-v10.2,TRANS_DIESEL,柴油-运输,"Diesel {RoW}| diesel production, petroleum refinery operation | Cut-off, S",kg,0edc5bb9-44f0-5f50-b226-9e6030935281_291fc06d-1b3e-4077-aabb-346b588ed24b,1.0000000000
55d390c1-0a2b-4a71-b4b5-5f891ca8ecff,BASIC,ecoinvent-v3.11,SimaPro-v10.2,UPSTREAM,电石,"Calcium carbide, technical grade {RoW}| calcium carbide production, technical grade | Cut-off, S",kg,47c8c7dc-66e7-5529-81d5-531eccc916c3_b2c3da99-4052-4e12-b38f-4efee8371432,1.0000000000
7a35767d-eb4c-4b26-896a-d6277183b4e9,BASIC,ecoinvent-v3.11,SimaPro-v10.2,RECYCLED,废铁/系统拓展 - non-default,"Iron ore concentrate {RoW}| iron ore beneficiation | Cut-off, S",kg,0a34b40e-c298-5f91-ae34-3a03d75ce237_cb262c3c-a7c7-4781-82e6-e1e90dd92b65,1.0000000000
3b7ef680-014a-4c69-924f-041c2e0b7dc8,BASIC,ecoinvent-v3.11,SimaPro-v10.2,WASTE,含油垃圾处理,"Municipal solid waste {RoW}| treatment of municipal solid waste, municipal incineration | Cut-off, S",kg,c6efc2b6-d914-5761-9230-5583bee7e67d_27da8130-82ba-485c-a800-b89efdcb0491,1.0000000000
50b3f4a7-7b80-40cc-8290-92d235beb7c3,BASIC,ecoinvent-v3.11,SimaPro-v10.2,WASTE,污水处理,"Wastewater from pig iron production {RoW}| treatment of wastewater from pig iron production, wastewater treatment | Cut-off, S",kg,1989ef19-2939-5372-803b-6a44fbfe25b0_64d5b86f-0965-4051-89cc-9580ac0ee5cf,1.0000000000
ffb178aa-e4a5-44c6-8970-450cca234362,CONS,ecoinvent-v3.11,SimaPro-v10.2,UPSTREAM,沥青,"Pitch {RoW}| pitch production, petroleum refinery operation | EN15804, S",kg,d3fa285a-b08b-571c-9bc7-1f22176c0114_e7a17355-8575-4be4-8c51-85e38b19b3f3,1.0000000000
9a07fea9-8631-4621-883a-6807e058f5df,CONS,ecoinvent-v3.11,SimaPro-v10.2,UPSTREAM,氢气,"Hydrogen, gaseous, low pressure {RoW}| unsaturated hydrocarbons production, steam cracking operation, average | EN15804, S",kg,db69ddf8-240c-5607-ae38-5fd428a2f15c_d899ab8e-58d3-47fa-bf64-45989f7da5be,1.0000000000
d0569db2-b32e-4287-ad1b-d4cbb2824b26,CONS,ecoinvent-v3.11,SimaPro-v10.2,UPSTREAM,低合金钢,"Steel, low-alloyed {GLO}| market for steel, low-alloyed | EN15804, S",kg,fdb5f5a1-51a1-5ad2-8fd1-3c9c0066abaa_817c3650-4fed-4ef2-b9b6-404a198834e6,1.0000000000
0ddf919c-dbee-4d6c-9260-bda494406d56,CONS,ecoinvent-v3.11,SimaPro-v10.2,TRANS_DIESEL,柴油-运输,"Diesel {RoW}| diesel production, petroleum refinery operation | EN15804, S",kg,63c39910-ef63-5929-8389-e743c75e5582_291fc06d-1b3e-4077-aabb-346b588ed24b,1.0000000000
a2232a89-fc71-4db1-a7d0-e8d1fe0d2122,BASIC,ecoinvent-v3.11,SimaPro-v10.2,UPSTREAM,次氯酸钠,"Sodium hypochlorite, without water, in 15% solution state {RoW}| market for sodium hypochlorite, without water, in 15% solution state | Cut-off, S",kg,88f876df-37fd-5b25-ba06-e2c75ce27e21_96501bb6-a68f-41f5-a067-92137e816e05,1.0000000000
193e669f-c471-4871-af26-6475cb3d654d,BASIC,ecoinvent-v3.11,SimaPro-v10.2,UPSTREAM,钒钛基脱硝催化剂(TiO2),"Titania slag, 94% titanium dioxide {CN}| vanadium-titanomagnetite mine operation and beneficiation | Cut-off, S",kg,7a89e88b-6199-5be6-844c-d150e9c26c70_50c6fdc4-c997-4a54-91fa-dd343bcfc2c9,1.0000000000
074c04a2-dce0-43a7-a046-c17533fd4e90,BASIC,ecoinvent-v3.11,SimaPro-v10.2,UPSTREAM,铌铁,"Ferroniobium, 66% Nb {RoW}| ferroniobium production, from pyrochlore concentrate, 66% Nb | Cut-off, S",kg,c1e78f52-d389-5a1d-876c-f89d8b8c0c6a_5a572f8b-0bbd-4946-81b3-1c483252627e,1.0000000000
7168955e-1cf4-4bf3-b4a3-a47ad7b97e5e,CONS,ecoinvent-v3.11,SimaPro-v10.2,UPSTREAM,硫酸,"Sulfuric acid {RoW}| sulfuric acid production | EN15804, S",kg,4da9c384-8356-5fcd-bff7-62a8572fb6a8_9d63da75-8289-4b96-a900-67ec3bd40a16,1.0000000000
2d8c7a3f-f35d-4de7-88ca-c9de7161ca1e,CONS,ecoinvent-v3.11,SimaPro-v10.2,WASTE,废油漆处理/东山,"Spent solvent mixture {RoW}| treatment of spent solvent mixture, hazardous waste incineration, with energy recovery | EN15804, S",kg,4daffbd6-a4bc-5ae0-a6e3-005738fece76_cfa1d213-eeff-41a8-8744-7907cc7c4c7b,1.0000000000
0b8fc742-0e4c-4c7e-8e2b-4ba6165906de,CONS,ecoinvent-v3.11,SimaPro-v10.2,UPSTREAM,钒钛基脱硝催化剂（TiO2）,"Titania slag, 94% titanium dioxide {CN}| vanadium-titanomagnetite mine operation and beneficiation | EN15804, S",kg,ac0781b5-24cb-5f4c-97f9-a6cbd6815e69_50c6fdc4-c997-4a54-91fa-dd343bcfc2c9,1.0000000000
1c90792e-c495-490e-9907-a94cd6a25d1e,CONS,ecoinvent-v3.11,SimaPro-v10.2,UPSTREAM,锰铁,"Ferromanganese, high-coal, 74.5% Mn {RoW}| ferromanganese production, high-coal, 74.5% Mn | EN15804, S",kg,d5818090-363b-5848-a906-379ef9f459e6_71f57ac0-caa8-4e9d-9b12-221b4f13e458,1.0000000000
b56ced41-d8e0-4d00-9a3e-336bab6d1ad9,BASIC,ecoinvent-v3.11,SimaPro-v10.2,UPSTREAM,烧结矿,"Iron sinter {RoW}| iron sinter production | Cut-off, S",kg,0db33cb2-42d0-5883-affa-d4871ecc6cea_d4591183-a1ce-4c6d-80fa-761edfb78aec,1.0000000000
b545e141-bd31-4f2d-8a33-5dfa79eed1f1,BASIC,ecoinvent-v3.11,SimaPro-v10.2,UPSTREAM,油墨,"Printing ink, offset, without solvent, in 47.5% solution state {RoW}| printing ink production, offset, product in 47.5% solution state | Cut-off, S",kg,9ff85f22-3131-55b5-b1af-2d9fc023074a_13f4bda2-1e95-40e5-9f1e-97feb2142cd0,1.0000000000
baa7454d-5249-42bd-88d6-7963d1a3c386,BASIC,ecoinvent-v3.11,SimaPro-v10.2,UPSTREAM,蒸汽,"Heat, from steam, in chemical industry {RoW}| steam production, as energy carrier, in chemical industry | Cut-off, S",MJ,9dd20299-790b-5527-9170-0d71684d2be5_63ead738-2005-498c-8359-7f65c134a1a4,1.0000000000
e07974bc-42bb-447e-8af4-f33c4eeb9d86,CONS,ecoinvent-v3.11,SimaPro-v10.2,UPSTREAM,铝,"Aluminium, primary, ingot {CN}| aluminium production, primary, ingot | EN15804, S",kg,14115a8f-b029-5125-a710-e246bb59d4ad_44defed2-3dc7-4d59-b3bc-23dacf1b9140,1.0000000000
d8e9f95a-bad0-41b9-8f0d-99532dd5fe93,CONS,ecoinvent-v3.11,SimaPro-v10.2,UPSTREAM,镁,"Magnesium {CN}| magnesium production, pidgeon process | EN15804, S",kg,928715e3-d8fd-5e84-90e2-aeabf96e56c2_1d344632-354d-4d3f-9f6c-da038a3bd491,1.0000000000
f32799e2-d3ee-4b60-b6c3-c342b2130607,CONS,ecoinvent-v3.11,SimaPro-v10.2,UPSTREAM,氢氧化钾,"Potassium hydroxide {RoW}| potassium hydroxide production | EN15804, S",kg,e7d9710c-00d6-58c4-948c-72650dd7e828_56190f78-7eaa-434a-b949-fc4bcbd4b8a8,1.0000000000
e20ee0a4-2652-4616-8dcc-9a9ac5a29eba,BASIC,ecoinvent-v3.11,SimaPro-v10.2,RECYCLED,除尘灰/系统拓展 - non-default,"Iron ore, crude ore, 46% Fe {GLO}| iron ore mine operation, 46% Fe | Cut-off, S",kg,2b89c75e-7a7a-5d45-9eb4-846c1793dbe6_686827fc-1f4c-44a4-a361-3ba77f0bc855,1.0000000000
27a8ba6f-4cda-47dd-a627-3e0d941afd8e,BASIC,ecoinvent-v3.11,SimaPro-v10.2,UPSTREAM,葡萄糖,"Glucose {RoW}| glucose production | Cut-off, S",kg,ce396869-8c57-5dfc-9910-b3302f1ecff0_fde9ca6e-daef-4963-a975-e8128d2bf92f,1.0000000000
99c958b6-0344-495c-8313-c353112afcfa,BASIC,ecoinvent-v3.11,SimaPro-v10.2,UPSTREAM,润滑油,"Lubricating oil {RoW}| lubricating oil production | Cut-off, S",kg,2182aca9-7253-539e-a534-dc51af8ffe76_ea75b944-c676-4a13-85b8-2bea98f765a4,1.0000000000
f50edcfd-c3fa-4343-b021-2dda2ce7046c,BASIC,ecoinvent-v3.11,SimaPro-v10.2,UPSTREAM,锌锭,"Zinc {RoW}| primary zinc production from concentrate | Cut-off, S",kg,d89c83ec-63e0-55b3-afc6-abd0d0f9ca46_dae5718b-c433-4bd9-9deb-eb3ffc2c889e,1.0000000000
e24cc236-2872-41f5-bdc4-78c5317e7e11,BASIC,ecoinvent-v3.11,SimaPro-v10.2,UPSTREAM,重油,"Heavy fuel oil {RoW}| heavy fuel oil production, petroleum refinery operation | Cut-off, S",kg,0ed1a11a-2831-56ca-af7c-bb2471dde449_2966d161-5281-47d6-86d3-efbb0a4b2110,1.0000000000
d4ee9a7b-1213-45bd-98bf-226b7bd78949,CONS,ecoinvent-v3.11,SimaPro-v10.2,UPSTREAM,铝土矿,"Bauxite {GLO}| bauxite mine operation | EN15804, S",kg,5f45e5e3-d397-5888-9b1b-13b48baa1831_6e6b1247-4f6e-44a8-b22f-7ff81a0e461a,1.0000000000
a814fa75-85ec-454c-97cd-bc143e323a6e,CONS,ecoinvent-v3.11,SimaPro-v10.2,WASTE,废催化剂处理/东山,"Spent catalytic converter NOx reduction {RoW}| treatment of spent catalytic converter NOx reduction, underground deposit | EN15804, S",kg,83ec09b4-d843-568f-bfb9-2338b20b1cd1_0faf8556-390f-4db9-bbf0-a8a119ad055c,1.0000000000
dd6ba1e4-a4ce-420d-89e3-cc404a296b70,CONS,ecoinvent-v3.11,SimaPro-v10.2,UPSTREAM,氩气,"Argon, crude, liquid {RoW}| industrial gases production, cryogenic air separation | EN15804, S",kg,9f2ea1b8-f25d-553f-877e-b8130a5d3e4c_0e2dea51-7ebb-4cf8-8343-2db3e334195d,1.7830000000
c45fe27e-aa23-46b3-8a55-14324183a0a2,CONS,ecoinvent-v3.11,SimaPro-v10.2,UPSTREAM,石灰石粒,"Limestone, crushed, for mill {RoW}| limestone production, crushed, for mill | EN15804, S",kg,cbeecc1d-f5b2-5315-9349-d14b880c310d_6dff6412-4b37-4689-8187-f07be186feef,1.0000000000
3557d36c-ab90-40ce-889f-d706fb13da80,CONS,ecoinvent-v3.11,SimaPro-v10.2,UPSTREAM,氧化镁（轻烧镁球/轻烧白云石）,"Magnesium oxide {RoW}| magnesium oxide production | EN15804, S",kg,f7aab8ba-b98e-52fe-9b55-1b3d3a6fcf6d_dd70763b-fb75-4d80-a469-03e3c9cee9cb,1.0000000000
12ad88ba-45aa-41bc-b470-78592e6e3f01,BASIC,ecoinvent-v3.11,SimaPro-v10.2,RECYCLED,苯/系统拓展,"Benzene {CN}| coke production, dry quenching | Cut-off, S",kg,d78eb9d7-06ac-5754-949b-922032c1a0f0_f598c5db-f614-47c6-a037-2ab56003e360,1.0000000000
9dd600c6-140c-40c1-8afb-3fd4b08a97a4,BASIC,ecoinvent-v3.11,SimaPro-v10.2,RECYCLED,焦炉煤气/系统拓展,"Natural gas, high pressure {GLO}| market group for natural gas, high pressure | Cut-off, S",m3,5506d618-a91d-5c2a-be9a-bef7cb2d4f2c_a9007f10-7e39-4d50-8f4a-d6d03ce3d673,0.4465695718
9e56fff7-be1f-42d1-91f1-856e59987042,BASIC,ecoinvent-v3.11,SimaPro-v10.2,UPSTREAM,氯化钠粉末,"Sodium chloride, powder {RoW}| sodium chloride production, powder | Cut-off, S",kg,7f048c3b-2cea-53a8-a562-2d3634dc1633_edcfa83a-363a-4b2d-8d6a-612e32dfcdfc,1.0000000000
be7ed2d3-e5ed-4cf3-985e-095c1f7bc7db,CONS,ecoinvent-v3.11,SimaPro-v10.2,UPSTREAM,生铁,"Pig iron {RoW}| pig iron production | EN15804, S",kg,632152a9-b87c-54d5-87aa-3f357c7fb766_a636ed9e-f90a-48cb-a180-c75b1fc92cf1,1.0000000000
840fa719-cbcf-4a3d-a1f3-a35a508f830b,CONS,ecoinvent-v3.11,SimaPro-v10.2,UPSTREAM,天然硬石膏,"Gypsum, mineral {RoW}| gypsum quarry operation | EN15804, S",kg,8b7c09b4-2794-5ca9-8c5d-e2ffbf774439_dd0cbafd-b176-4ba4-860a-25a2e0663d14,1.0000000000
f5993591-b562-4474-b776-284b4612ebdf,CONS,ecoinvent-v3.11,SimaPro-v10.2,UPSTREAM,纯碱,"Soda ash, light {RoW}| soda production, solvay process | EN15804, S",kg,bd8e947e-ffed-5acc-9848-0d27ea189ca7_9e6f12d8-b727-4aef-94e3-c8278e3661d7,1.0000000000
e583e290-ac95-4574-ac79-d0191226cb70,CONS,ecoinvent-v3.11,SimaPro-v10.2,UPSTREAM,葡萄糖,"Glucose {RoW}| glucose production | EN15804, S",kg,d6733d1c-542c-52eb-b5ec-66d5e90feb59_fde9ca6e-daef-4963-a975-e8128d2bf92f,1.0000000000
06272344-344a-4c06-929f-80c3f65aa2a7,BASIC,ecoinvent-v3.11,SimaPro-v10.2,RECYCLED,废钢/系统拓展 - non-default,"Pig iron {RoW}| pig iron production | Cut-off, S",kg,af72a95f-76d8-5203-aab9-caf5d8bfc335_a636ed9e-f90a-48cb-a180-c75b1fc92cf1,1.0000000000
b6026aa7-e086-430d-b0bf-29f668219d39,BASIC,ecoinvent-v3.11,SimaPro-v10.2,WASTE,废纸处理,"Waste paper, sorted {RoW}| treatment of waste paper, unsorted, sorting | Cut-off, S",kg,8423d612-37b5-5a5f-a8e9-c94952835eee_0baac448-32a1-4b9f-afec-69a9b9b203ac,1.0000000000
a4dc861a-3bbd-4465-8b60-9a25475a6648,BASIC,ecoinvent-v3.11,SimaPro-v10.2,UPSTREAM,硅酸盐（硅酸钠）,"Sodium silicate, solid {RoW}| sodium silicate production, furnace process, solid product | Cut-off, S",kg,b3165a0f-637d-5aaa-924a-a6a466911b88_77e110eb-c54c-4210-8c49-38aff74dac63,1.0000000000
9bcdfef2-340f-4724-8c51-83b1526bae9c,BASIC,ecoinvent-v3.11,SimaPro-v10.2,UPSTREAM,活性炭,"Activated carbon, granular {RoW}| activated carbon production, granular from hard coal | Cut-off, S",kg,84204301-e055-5eaa-b489-8316525bcb22_99ba8208-7a4c-46e7-b4f0-6d93a8332c0b,1.0000000000
66165d67-56cc-40f0-bc5e-b7a139a4486a,BASIC,ecoinvent-v3.11,SimaPro-v10.2,UPSTREAM,蜡,"Wax, lost-wax casting {GLO}| wax production, for lost-wax metal casting | Cut-off, S",kg,d6400787-027e-54d1-a907-aab0b4adf1df_4eeec3b3-48e8-410d-be38-63785564065e,1.0000000000
82e4c8ba-2acf-4105-9547-5a6e7a324736,BASIC,ecoinvent-v3.11,SimaPro-v10.2,UPSTREAM,硫酸钠,"Sodium sulfate, anhydrite {RoW}| sodium sulfate production, from natural sources | Cut-off, S",kg,ffe6c993-f279-5dec-a98a-940120366dbc_2cfef82e-cb0d-4864-8163-9651fc6c25eb,1.0000000000
6e040483-e974-4221-9187-2a19c15b880f,BASIC,ecoinvent-v3.11,SimaPro-v10.2,UPSTREAM,硫酸铵,"Ammonium sulfate {RoW}| ammonium sulfate production | Cut-off, S",kg,3b7b9df0-1b2d-54a8-ba0a-bd3cc03448d9_6f4bede8-f885-499c-8ac9-6832e35d9d16,1.0000000000
f1fe8c69-1c6e-49e5-b8fc-dca8746b5f8c,BASIC,ecoinvent-v3.11,SimaPro-v10.2,UPSTREAM,锰,"Manganese {RoW}| manganese production | Cut-off, S",kg,36126822-c8b6-5f61-a57e-bb69cae75e85_f42f6024-a63f-4cf7-9f70-4f40380a062e,1.0000000000
d6c53e78-e1d1-43ea-b7db-cf00e727bd64,BASIC,ecoinvent-v3.11,SimaPro-v10.2,UPSTREAM,尿素,"Urea {CN}| market for urea | Cut-off, S",kg,477ce291-c5de-51fd-9105-63662a0b12f1_9e0c9c28-7d8f-4f18-a769-bff3a4c8c1e5,1.0000000000
dda9f8e7-db2d-4676-8ded-4ddce83a555d,BASIC,ecoinvent-v3.11,SimaPro-v10.2,UPSTREAM,生铁,"Pig iron {RoW}| pig iron production | Cut-off, S",kg,af72a95f-76d8-5203-aab9-caf5d8bfc335_a636ed9e-f90a-48cb-a180-c75b1fc92cf1,1.0000000000
b5e3f3d6-1330-4f9e-aea4-90c2922d5551,BASIC,ecoinvent-v3.11,SimaPro-v10.2,RECYCLED,氧化铁皮/系统拓展,"Iron ore, crude ore, 46% Fe {GLO}| iron ore mine operation, 46% Fe | Cut-off, S",kg,2b89c75e-7a7a-5d45-9eb4-846c1793dbe6_686827fc-1f4c-44a4-a361-3ba77f0bc855,1.0000000000
40f27b94-b4de-4a8f-a2c3-5927e2ba4427,CONS,ecoinvent-v3.11,SimaPro-v10.2,WASTE,炼油污泥处理,"Refinery sludge {RoW}| treatment of refinery sludge, hazardous waste incineration, with energy recovery | EN15804, S",kg,08feb391-bc8f-57c7-b6f0-a4e31ff7d1fc_6de9a46d-c36d-4485-a79c-93ba2b57563b,1.0000000000
a671c59a-5855-4cbd-b2c8-3b4dc1a9a3be,CONS,ecoinvent-v3.11,SimaPro-v10.2,UPSTREAM,无合金钢,"Steel, unalloyed {GLO}| market for steel, unalloyed | EN15804, S",kg,3415ae5d-07b8-5310-a701-c3ef18fa66f7_a2fd8c95-f2db-436a-9f24-f33b17f7975b,1.0000000000
07ea1a74-4ea9-49e5-b034-73cf1d959280,CONS,ecoinvent-v3.11,SimaPro-v10.2,WASTE,污水污泥处理,"Sewage sludge, 70% water, WWT, WW from pig iron production {RoW}| treatment of sewage sludge, 70% water, WWT, WW from pig iron production, municipal incineration | EN15804, S",kg,45c81366-7899-5d20-a6c3-a86538e5658b_13d4a7c7-88b3-479c-b57c-1f6a22f0a24d,1.0000000000
96be24b0-4bf5-4acd-a549-9f7f7120ae99,CONS,ecoinvent-v3.11,SimaPro-v10.2,UPSTREAM,锡,"Tin {RoW}| tin production | EN15804, S",kg,61c28803-346f-55fd-9778-b36bc5c2b40c_ad5a20dd-4c4d-499d-8dc1-254ebab8f3bf,1.0000000000
6e429431-a16e-4f46-b6ee-f977328c77fe,CONS,ecoinvent-v3.11,SimaPro-v10.2,UPSTREAM,锌锭,"Zinc {RoW}| primary zinc production from concentrate | EN15804, S",kg,6b18c809-f5dc-5ca9-9396-6f847d1cc13d_dae5718b-c433-4bd9-9deb-eb3ffc2c889e,1.0000000000
accbaec8-f2b0-43f5-87a8-2a49b380f80a,CONS,ecoinvent-v3.11,SimaPro-v10.2,UPSTREAM,聚二甲基硅氧烷（有机硅类消泡剂）,"Polydimethylsiloxane {RoW}| polydimethylsiloxane production | EN15804, S",kg,816302c4-fae9-5e51-8c03-d8c82d19230b_0dc25044-d414-5564-b7f3-998ef6732374,1.0000000000
03a04932-731a-4882-97f1-1529c62a418e,CONS,ecoinvent-v3.11,SimaPro-v10.2,UPSTREAM,油墨,"Printing ink, offset, without solvent, in 47.5% solution state {RoW}| printing ink production, offset, product in 47.5% solution state | EN15804, S",kg,b420555f-c34d-54c1-8d56-27eaa6d1344b_13f4bda2-1e95-40e5-9f1e-97feb2142cd0,1.0000000000
858e4c9c-1d8a-4713-93dc-a6215ae2ff7f,CONS,ecoinvent-v3.11,SimaPro-v10.2,UPSTREAM,硫酸铵,"Ammonium sulfate {RoW}| ammonium sulfate production | EN15804, S",kg,b63bbca8-44d1-5ebb-af15-418385d50966_6f4bede8-f885-499c-8ac9-6832e35d9d16,1.0000000000
2b0fad83-c6cd-4cd3-82e4-a518b954d32e,CONS,ecoinvent-v3.11,SimaPro-v10.2,WASTE,废铝材料处理,"Aluminium scrap, post-consumer {RoW}| treatment of aluminium scrap, post-consumer, by collecting, sorting, cleaning, pressing | EN15804, S",kg,ce1972e1-f73a-58e7-9e4a-c8883c83638c_cc755744-10f3-4cf9-8d17-fbf308dd5c5a,1.0000000000
bf6d1536-d6ff-4bc7-81bd-334fba1dec5d,CONS,ecoinvent-v3.11,SimaPro-v10.2,UPSTREAM,苯酚钠,"Sodium phenolate {RoW}| sodium phenolate production | EN15804, S",kg,cef216ed-732d-51b8-845d-ef6998013410_7ea592df-7f46-4f29-9056-874760d3f37c,1.0000000000
d0357c0e-e740-4de9-9d5f-2d59f7ab871b,CONS,ecoinvent-v3.11,SimaPro-v10.2,UPSTREAM,白云石,"Dolomite {RoW}| dolomite production | EN15804, S",kg,d5bacbad-3a42-59df-abb1-19dfbf6bb161_8e2a9448-685b-4687-910a-77418454f259,1.0000000000
aad8f23d-aa72-48c0-905d-14c52109d46f,CONS,ecoinvent-v3.11,SimaPro-v10.2,UPSTREAM,锡矿,"Tin concentrate {RoW}| tin mine operation | EN15804, S",kg,e90978da-b034-5d46-aff4-8486d6916ba7_e9c18e3b-2479-44af-b865-8169d809b777,1.0000000000
4a3ab1fd-46cd-49e3-9568-600cde2d0ade,CONS,ecoinvent-v3.11,SimaPro-v10.2,UPSTREAM,蒸汽（低压）,"Heat, from steam, in chemical industry {RoW}| steam production, as energy carrier, in chemical industry | EN15804, S",kg,f542ee67-b5a4-526f-8742-f007a8dbbfa4_63ead738-2005-498c-8359-7f65c134a1a4,2.7864900000
5389bc2a-b520-4512-8d9a-e8ea1a472745,CONS,ecoinvent-v3.11,SimaPro-v10.2,UPSTREAM,聚合氯化铝,"Polyaluminium chloride {GLO}| polyaluminium chloride production | EN15804, S",kg,f67ff5d7-e1b6-5eb2-a240-c676384427b6_f2482f81-8982-531b-8e49-ffa38a6f01eb,1.0000000000
37574e20-3592-47e2-b181-6c41eee21166,BASIC,ecoinvent-v3.11,SimaPro-v10.2,WASTE,废铝材料处理,"Aluminium scrap, post-consumer, prepared for melting {RoW}| treatment of aluminium scrap, post-consumer, by collecting, sorting, cleaning, pressing | Cut-off, S",kg,643c7237-fc04-5b5e-bc78-1bcef516ea55_858164b0-44f1-4118-b6cb-47054faa21ef,1.0000000000
86c979f1-7c68-48cb-b241-8ad925e1046f,BASIC,ecoinvent-v3.11,SimaPro-v10.2,UPSTREAM,粉状生石灰,"Quicklime, milled, loose {RoW}| quicklime production, milled, loose | Cut-off, S",kg,3ba741d3-46c6-5bdc-8996-e6da4f413ec8_d76a43a4-17da-4713-b4d7-569804af59ab,1.0000000000
2e593b04-abb7-4eb7-89ed-f09b570b83af,BASIC,ecoinvent-v3.11,SimaPro-v10.2,UPSTREAM,沥青,"Pitch {RoW}| pitch production, petroleum refinery operation | Cut-off, S",kg,a559c8d0-8e06-5498-8aa3-f37f4dbeb15b_e7a17355-8575-4be4-8c51-85e38b19b3f3,1.0000000000
41d4ecac-c080-4035-9304-48dc48b21a15,BASIC,ecoinvent-v3.11,SimaPro-v10.2,UPSTREAM,锰矿石,"Manganese concentrate {GLO}| manganese concentrate production | Cut-off, S",kg,0e104f3d-4ea8-527f-aaa6-7c52bbbcd633_03de3d31-34fb-4ed9-872d-4acd5ebd7a92,1.0000000000
280c31d9-a6b1-4024-b488-e5100de3f365,BASIC,ecoinvent-v3.11,SimaPro-v10.2,TRANS_RAIL,铁运,"Transport, freight, train, fleet average {CN}| market for transport, freight, train, fleet average | Cut-off, S",tkm,7e6c036c-789a-5ef7-baa0-99c7cdce03f2_0ace02fa-eca5-482d-a829-c18e46a52db4,1.0000000000
9aaed6e5-5cf5-484c-bcb6-4d06b481d7e2,BASIC,ecoinvent-v3.11,SimaPro-v10.2,RECYCLED,污水污泥/系统拓展 - non-default,"Clinker {RoW}| clinker production | Cut-off, S",kg,168b5d3f-b397-5651-a21e-b3c24c40dc40_1f41586d-0d8a-4c7c-8473-dd8351bab538,0.0500000000
42bf7ca2-b348-4a5a-8881-2c280f73d468,CONS,ecoinvent-v3.11,SimaPro-v10.2,UPSTREAM,钛,"Titanium {GLO}| titanium production | EN15804, S",kg,173c3e4b-0380-54ca-b6a2-c9d82ef7f5a0_a12a26ca-7adf-4ea0-83be-05fdc3c7fc33,1.0000000000
75b6f48e-592f-49d1-830d-9488e2dcd420,CONS,ecoinvent-v3.11,SimaPro-v10.2,UPSTREAM,氮气,"Nitrogen, liquid {RoW}| industrial gases production, cryogenic air separation | EN15804, S",m3,9f2ea1b8-f25d-553f-877e-b8130a5d3e4c_159edf36-233e-4e2c-aec0-b0ac0d49f528,1.2500000000
a04fb6b5-278b-43f1-8bef-a6a83d9370b5,CONS,ecoinvent-v3.11,SimaPro-v10.2,UPSTREAM,磷酸盐（磷酸钠）,"Sodium phosphate {RoW}| sodium phosphate production | EN15804, S",kg,d0ad7b0e-d476-599b-b03c-3e503fb23228_2fc288b5-3414-4086-9658-84fd71ebf6ac,1.0000000000
5c1fce72-bf86-4c37-a31a-fbe8d8c519a5,CONS,ecoinvent-v3.11,SimaPro-v10.2,TRANS_SEA,海运,"Transport, freight, sea, bulk carrier for dry goods, heavy fuel oil {GLO}| market for transport, freight, sea, bulk carrier for dry goods, heavy fuel oil | EN15804, S",tkm,f3372634-e657-5958-bbb6-2a90d5f71764_eeb68c18-502b-4117-a033-a5daf24322fc,1.0000000000
5460cc59-15a2-4fe0-9765-7a263316cfdb,BASIC,ecoinvent-v3.11,SimaPro-v10.2,UPSTREAM,焊丝,"Iron-nickel-chromium alloy {RoW}| iron-nickel-chromium alloy production | Cut-off, S",kg,b915211b-0add-5a6f-a909-7537a8219e9f_55cd1ee7-9869-4248-8800-1be2f66267aa,1.0000000000
654a1b34-4a8b-4845-a144-50c7eaf07564,BASIC,ecoinvent-v3.11,SimaPro-v10.2,UPSTREAM,甲基磺酸,"Methylsulfonic acid {GLO}| market for methylsulfonic acid | Cut-off, S",kg,a2cb97fb-bcff-540f-b960-65b1ca6e072b_0dbbb96b-d94e-4596-8a63-7d8340ac45b5,1.0000000000
cb217ef3-8ef3-4a7c-a8d8-c34cb664fbb1,BASIC,ecoinvent-v3.11,SimaPro-v10.2,UPSTREAM,木炭,"Charcoal {GLO}| charcoal production | Cut-off, S",kg,0aa1c218-9710-5b8c-936e-3453b2de2fa7_8397cd58-0950-4853-ba0e-97ad2a279edb,1.0000000000
ece60411-91d6-431e-8f51-b3cb32b5ebc9,BASIC,ecoinvent-v3.11,SimaPro-v10.2,UPSTREAM,汽油,"Petrol, unleaded {RoW}| petrol production, unleaded, petroleum refinery operation | Cut-off, S",kg,f3562911-8dc1-54dc-836e-10226d8d5976_e180c07f-fa94-4f7c-8a2f-32cb78f52bd6,1.0000000000
acebd5ec-72e8-4930-9d95-a91e1214da68,BASIC,ecoinvent-v3.11,SimaPro-v10.2,UPSTREAM,铅,"Lead {GLO}| market for lead | Cut-off, S",kg,d377198d-b758-5ceb-b437-a176120c2a2c_237b35c6-69e1-49c4-8e99-0be6c1b1806e,1.0000000000
91a101e0-cedb-4916-8245-c2bbe686ed5a,BASIC,ecoinvent-v3.11,SimaPro-v10.2,UPSTREAM,无定形、颗粒PET,"Polyethylene terephthalate, granulate, amorphous {RoW}| polyethylene terephthalate production, granulate, amorphous | Cut-off, S",kg,b99b8621-5a86-5898-9dba-1e20ee0ae5d0_d585421f-a3a1-45bc-bd94-188f65865b9c,1.0000000000
889e14b7-1391-4235-bdb9-97e00798b2d4,BASIC,ecoinvent-v3.11,SimaPro-v10.2,UPSTREAM,亚硫酸氢钠,"Sodium hydrogen sulfite {RoW}| sodium hydrogen sulfite production | Cut-off, S",kg,a5a51fa4-420c-5786-8615-318bf1eb1cc3_9548417c-f3ce-4c10-97dd-8c5046eaa504,1.0000000000
4099b319-64b7-427d-986b-1315fb202e93,BASIC,ecoinvent-v3.11,SimaPro-v10.2,UPSTREAM,氧化镁（轻烧镁球/轻烧白云石）,"Magnesium oxide {RoW}| magnesium oxide production | Cut-off, S",kg,35456de5-b2c7-524c-b71d-f4a3a1dd5250_dd70763b-fb75-4d80-a469-03e3c9cee9cb,1.0000000000
05cfad87-7dd0-4fbf-9f64-8faf2d00dab3,BASIC,ecoinvent-v3.11,SimaPro-v10.2,UPSTREAM,宝武清能-氩气,宝武清能-氩气,m3,,
3bdd2e55-e55b-4adb-ab71-4b2a32a7feff,CONS,ecoinvent-v3.11,SimaPro-v10.2,UPSTREAM,氧化铝,"Aluminium oxide, non-metallurgical {CN}| aluminium oxide production | EN15804, S",kg,2ff36212-5e78-594d-b4fa-ce2df13f79ba_96f36f31-8f6a-48f8-921f-1d781b7a545f,1.0000000000
51d7c156-69fd-4b3d-a7cc-4b207e87d612,BASIC,ecoinvent-v3.11,SimaPro-v10.2,UPSTREAM,氨,"Ammonia, anhydrous, liquid {CN}| ammonia production, steam reforming, liquid | Cut-off, S",kg,5d6d7b4c-5130-5833-adfa-a50d39e83836_06b8d05b-e1e6-427b-929c-bb55e84e7c08,1.0000000000
c3120072-1df0-4474-b833-870289ab8b98,BASIC,ecoinvent-v3.11,SimaPro-v10.2,UPSTREAM,高压蒸汽（3.48898MJ/kg）,"Heat, from steam, in chemical industry {RoW}| steam production, as energy carrier, in chemical industry | Cut-off, S",kg,9dd20299-790b-5527-9170-0d71684d2be5_63ead738-2005-498c-8359-7f65c134a1a4,3.4889800000
19bc41ff-d310-4bca-a992-c0ca8f5d98ad,BASIC,ecoinvent-v3.11,SimaPro-v10.2,UPSTREAM,磷酸,"Phosphoric acid, industrial grade, without water, in 85% solution state {GLO}| market for phosphoric acid, industrial grade, without water, in 85% solution state | Cut-off, S",kg,51f935e1-8c5e-5758-a354-29d303f18641_f4feb7e2-19a8-40af-84e0-9cd7c7142777,1.0000000000
f7840997-40fb-4a9d-812c-0b0754e821c8,BASIC,ecoinvent-v3.11,SimaPro-v10.2,UPSTREAM,硫酸亚铁,"Iron sulfate {RoW}| iron sulfate production | Cut-off, S",kg,5ac3e520-5b12-50b1-8f86-dd4f90560ad2_c614ee4a-ee63-4b51-b129-8a18a5e458fe,1.0000000000
ddcc2547-386a-4784-b153-c423b4942098,BASIC,ecoinvent-v3.11,SimaPro-v10.2,UPSTREAM,镍铬铁,"Iron-nickel-chromium alloy {GLO}| market for iron-nickel-chromium alloy | Cut-off, S",kg,55521711-393c-55e1-ba69-e0c17293145a_55cd1ee7-9869-4248-8800-1be2f66267aa,1.0000000000
c935c14c-c5de-4816-9214-9ca4689232da,BASIC,ecoinvent-v3.11,SimaPro-v10.2,UPSTREAM,球团矿,"Iron pellet {RoW}| iron pellet production | Cut-off, S",kg,34677e73-574e-56d4-8a83-e5d3442afde4_3da25df2-438a-4e27-9141-4393f3b6f86f,1.0000000000
c7c73194-b4e4-419e-8247-6b8c79191eba,BASIC,ecoinvent-v3.11,SimaPro-v10.2,UPSTREAM,天然硬石膏,"Gypsum, mineral {RoW}| gypsum quarry operation | Cut-off, S",kg,31d23b7c-a999-534c-ac50-c835c89c9507_dd0cbafd-b176-4ba4-860a-25a2e0663d14,1.0000000000
51cd3d29-24b3-47aa-bc87-30c30d4aac93,BASIC,ecoinvent-v3.11,SimaPro-v10.2,UPSTREAM,铜,"Copper, anode {CN}| smelting of copper concentrate, sulfide ore | Cut-off, S",kg,df97af56-8b13-5056-90d1-7fc82e584463_06440ac0-a1f5-4ba5-a0f7-727570bfbfff,1.0000000000
1d5d5488-9721-4d32-b8cc-d3b99a11de23,BASIC,ecoinvent-v3.11,SimaPro-v10.2,UPSTREAM,无合金钢,"Steel, unalloyed {GLO}| market for steel, unalloyed | Cut-off, S",kg,25f5d4c1-393c-589d-9802-857011614db6_a2fd8c95-f2db-436a-9f24-f33b17f7975b,1.0000000000
09f96faf-0464-4fef-8cc7-c02c44f0a1b1,CONS,ecoinvent-v3.11,SimaPro-v10.2,UPSTREAM,石灰石粉,"Limestone, milled, loose {RoW}| limestone production, milled, loose | EN15804, S",kg,472acaea-73d5-5a3b-9eaa-f7f819745fdd_a00b7e35-1bc7-4b73-9df8-05f3dd07ffdb,1.0000000000
b1709f4d-88e0-40ce-bc41-8e4bc0351b6a,CONS,ecoinvent-v3.11,SimaPro-v10.2,UPSTREAM,球团矿,"Iron pellet {RoW}| iron pellet production | EN15804, S",kg,60b08799-6221-5bfe-ba55-59a0d326a961_3da25df2-438a-4e27-9141-4393f3b6f86f,1.0000000000
15395b25-aa91-46fd-a777-0eda8bf4bfb2,CONS,ecoinvent-v3.11,SimaPro-v10.2,UPSTREAM,铌铁,"Ferroniobium, 66% Nb {RoW}| ferroniobium production, from pyrochlore concentrate, 66% Nb | EN15804, S",kg,77b3bccc-a8fa-5262-ae57-6febc11c313d_5a572f8b-0bbd-4946-81b3-1c483252627e,1.0000000000
8c10f7a8-7fd5-42eb-b12f-0806d9c73eda,CONS,ecoinvent-v3.11,SimaPro-v10.2,UPSTREAM,稀土合金,"Mischmetal {GLO}| mischmetal production, primary | EN15804, S",kg,cd6a9c32-5474-5ded-8cbb-853b09532f03_474e7001-a158-4379-8793-e02f0c14bbfe,1.0000000000
30d28f15-d7b5-41c3-999c-30a848f40b10,CONS,ecoinvent-v3.11,SimaPro-v10.2,UPSTREAM,甲基磺酸,"Methylsulfonic acid {GLO}| market for methylsulfonic acid | EN15804, S",kg,d76ebaa2-9587-55ea-ba72-b0114e478bcc_0dbbb96b-d94e-4596-8a63-7d8340ac45b5,1.0000000000
68b342d6-c53a-4170-8195-0dd3563cb114,CONS,ecoinvent-v3.11,SimaPro-v10.2,UPSTREAM,亚硫酸氢钠,"Sodium hydrogen sulfite {RoW}| sodium hydrogen sulfite production | EN15804, S",kg,fa8e8c35-a0a9-5820-8aba-b172bfb6b85c_9548417c-f3ce-4c10-97dd-8c5046eaa504,1.0000000000
c84b89fb-97c5-4a61-b2f8-77eec843730e,BASIC,ecoinvent-v3.11,SimaPro-v10.2,UPSTREAM,二丙胺,"Dipropyl amine {GLO}| market for dipropyl amine | Cut-off, S",kg,2a2c6e4e-05f5-5000-b9b8-fc7c5ab1e072_bc6da04d-39f0-42e4-aa45-47b8a1ac582e,1.0000000000
60c90698-51cb-49b4-9d79-387f4ff5d32a,BASIC,ecoinvent-v3.11,SimaPro-v10.2,WASTE,废矿物油处理,"Waste mineral oil {RoW}| market for waste mineral oil | Cut-off, S",kg,d10143f6-8d08-5431-a91a-793f37ebc37f_1b30b018-ac39-41f4-a9e0-92057eef8bb8,1.0000000000
286a0c7a-a936-42bc-894f-da1521ab443a,BASIC,ecoinvent-v3.11,SimaPro-v10.2,RECYCLED,高炉粉尘/系统拓展 - non-default,"Iron ore, crude ore, 46% Fe {GLO}| iron ore mine operation, 46% Fe | Cut-off, S",kg,2b89c75e-7a7a-5d45-9eb4-846c1793dbe6_686827fc-1f4c-44a4-a361-3ba77f0bc855,1.0000000000
df5d38fb-d131-4651-9457-4fddfaf89964,BASIC,ecoinvent-v3.11,SimaPro-v10.2,RECYCLED,高炉渣/系统拓展,"Cement, Portland {RoW}| cement production, Portland | Cut-off, S",kg,4918c83f-7d25-5d22-9079-3d313db4036a_c5299a8e-d4b4-409c-9826-e8ae9e37c03d,1.1111111111
4f1a3047-5199-438e-a09e-f2db562eced9,BASIC,ecoinvent-v3.11,SimaPro-v10.2,UPSTREAM,铬铁,"Ferrochromium, high-carbon, 55% Cr {RoW}| ferrochromium production, high-carbon, 55% Cr | Cut-off, S",kg,590e32b6-3fc9-569c-8f00-656d02814e72_acb2a59b-ce48-43b9-8d27-31fbd5030e70,1.0000000000
39862025-2f57-4539-80d7-be12bb2907bb,BASIC,ecoinvent-v3.11,SimaPro-v10.2,TRANS_RIVER,河运,"Transport, freight, inland waterways, barge, diesel {GLO}| market group for transport, freight, inland waterways, barge, diesel | Cut-off, S",tkm,901961f8-91ff-5f80-b153-767672d585e4_068bf76a-bfaa-435c-85ed-3d2bb2c4bb4f,1.0000000000
2de95b54-40e1-4307-bf8f-16dc480dfc7d,BASIC,ecoinvent-v3.11,SimaPro-v10.2,UPSTREAM,天然气,"Natural gas, high pressure {GLO}| market group for natural gas, high pressure | Cut-off, S",m3,5506d618-a91d-5c2a-be9a-bef7cb2d4f2c_a9007f10-7e39-4d50-8f4a-d6d03ce3d673,1.0000000000
410194d9-d132-4c88-97f0-a8a9de05c5eb,BASIC,ecoinvent-v3.11,SimaPro-v10.2,UPSTREAM,液化天然气,"Natural gas, liquefied {GLO}| market for natural gas, liquefied | Cut-off, S",kg,ce72f1b3-34a4-5a7e-8aec-c528f9a4ed44_1570a766-fe08-427f-94cb-6947995117ec,1.3605442177
88685d04-aba1-4943-ad76-0d0cdbc29a96,CONS,ecoinvent-v3.11,SimaPro-v10.2,UPSTREAM,铅,"Lead {GLO}| market for lead | EN15804, S",kg,167022f6-c7e0-5c37-abc5-d8a63c96a66e_237b35c6-69e1-49c4-8e99-0be6c1b1806e,1.0000000000
6e1de47f-7fb6-408c-9c62-7e2c42cd34af,CONS,ecoinvent-v3.11,SimaPro-v10.2,UPSTREAM,铁精矿,"Iron ore concentrate {RoW}| iron ore beneficiation | EN15804, S",kg,225b1b31-b532-55f3-af53-f9349e44fff7_cb262c3c-a7c7-4781-82e6-e1e90dd92b65,1.0000000000
01b29814-d987-4296-9ead-0acdefb27cd6,CONS,ecoinvent-v3.11,SimaPro-v10.2,UPSTREAM,黄铜（铜锌）,"Brass {RoW}| brass production | EN15804, S",kg,5083488d-e0f7-5386-8936-e5260c90a60b_57771ae0-5e8b-47be-bb73-ba59f2bf8cc8,1.0000000000
29ca793b-2b74-4f61-ab9a-2abbff31cdb3,CONS,ecoinvent-v3.11,SimaPro-v10.2,UPSTREAM,膨润土,"Activated bentonite {RoW}| activated bentonite production | EN15804, S",kg,cdd97064-474a-5a52-9c5b-d44b7b1d741e_db314df7-a55f-4c57-b1b7-1bec53c2740c,1.0000000000
ad057a27-4c16-406d-bc68-a47117430acc,CONS,ecoinvent-v3.11,SimaPro-v10.2,UPSTREAM,硝酸,"Nitric acid, without water, in 50% solution state {CN}| market for nitric acid, without water, in 50% solution state | EN15804, S",kg,e97ae786-26f2-5b26-8622-95865e054f33_68db7412-ba35-488b-8a45-9a9f48448522,1.0000000000
f10fc758-08c3-4bff-abe8-516f894b60d6,CONS,ecoinvent-v3.11,SimaPro-v10.2,UPSTREAM,汽油,"Petrol, unleaded {RoW}| petrol production, unleaded, petroleum refinery operation | EN15804, S",kg,ec5ba758-8794-5bb2-b79b-cc857f6c7b00_e180c07f-fa94-4f7c-8a2f-32cb78f52bd6,1.0000000000
b49cc63c-6081-4d61-ae9c-c7e93b3a0b00,CONS,ecoinvent-v3.11,SimaPro-v10.2,UPSTREAM,冷轧低合金钢卷/板材,"Steel, low-alloyed, hot rolled {GLO}| market for steel, low-alloyed, hot rolled | EN15804, S",kg,ee739278-8c2a-5d3b-8b03-31c0163899d5_8cb650d5-8a48-4719-81b1-2080b3b4387f,1.0000000000
970f5faf-1135-4f71-ab28-d01da44e3144,BASIC,ecoinvent-v3.11,SimaPro-v10.2,UPSTREAM,中压蒸汽（3.13857MJ/kg）,"Heat, from steam, in chemical industry {RoW}| steam production, as energy carrier, in chemical industry | Cut-off, S",kg,9dd20299-790b-5527-9170-0d71684d2be5_63ead738-2005-498c-8359-7f65c134a1a4,3.1385700000
13c55cac-61f6-46e5-a565-2e514ec96ed0,BASIC,ecoinvent-v3.11,SimaPro-v10.2,UPSTREAM,再利用铜,"Copper scrap, sorted, pressed {GLO}| market for copper scrap, sorted, pressed | Cut-off, S",kg,83c9269b-7ba3-5e07-bd63-16d366b61d76_cc0d4252-6207-41d6-8567-bcbad58a7bef,1.0000000000
4212ba33-7cdb-4d5f-8a13-79263cf39496,CONS,ecoinvent-v3.11,SimaPro-v10.2,UPSTREAM,润滑油,"Lubricating oil {RoW}| lubricating oil production | EN15804, S",kg,5010e77f-1ef7-53f3-abd7-33914d80118d_ea75b944-c676-4a13-85b8-2bea98f765a4,1.0000000000
26f1d1b7-1819-4f7d-8036-7eac27238fbe,CONS,ecoinvent-v3.11,SimaPro-v10.2,TRANS_TRUCK,汽运,"Transport, freight, lorry, 16-32 metric ton, diesel, EURO 5 {RoW}| market for transport, freight, lorry, 16-32 metric ton, diesel, EURO 5 | EN15804, S",tkm,5a3d31be-7f59-5232-80bb-a183d5b5a81d_f4e8b38b-d6c7-423b-bc9c-13b4a13d55f8,1.0000000000
4246a325-234d-4810-8a30-8f65e78539fb,CONS,ecoinvent-v3.11,SimaPro-v10.2,UPSTREAM,盐酸,"Hydrochloric acid, without water, in 30% solution state {RoW}| hydrochloric acid production, Mannheim process | EN15804, S",kg,5f486e66-f267-56f9-8ca5-685f173eb125_3ab60559-40d3-42e4-9cac-476a519098fa,1.0000000000
02a106a3-90eb-4623-a8fb-afe452806a6c,CONS,ecoinvent-v3.11,SimaPro-v10.2,UPSTREAM,镍铁,"Ferronickel {GLO}| ferronickel production | EN15804, S",kg,63f04c50-17b8-5de4-b4d6-732547079105_71d0cff1-7f13-4476-94a9-4eaaec98d225,1.0000000000
37f3adc9-6eea-49fd-a3ec-19b937b883df,CONS,ecoinvent-v3.11,SimaPro-v10.2,WASTE,活性污泥处理,"Sewage sludge, 70% water, WWT, WW, average {RoW}| treatment of sewage sludge, 70% water, WWT, WW, average, municipal incineration | EN15804, S",kg,93696d5a-3fea-5eca-906d-718e0db646ab_d0125769-1059-41bb-8313-f4ef1cc1bd14,1.0000000000
b8c88277-b18c-4cd8-ab31-e9798b4b60e4,CONS,ecoinvent-v3.11,SimaPro-v10.2,WASTE,高炉粉尘处理,"Blast furnace dust {RoW}| market for blast furnace dust | EN15804, S",kg,c05266a6-89a8-5dda-a48f-3d5eb0e122f8_f1ef1429-9581-5869-965c-e8bbf2ab414e,1.0000000000
981f525f-5ef4-4f2e-b65f-baf7300ec331,BASIC,ecoinvent-v3.11,SimaPro-v10.2,WASTE,废铁处理,"Iron scrap, sorted, pressed {RoW}| market for iron scrap, sorted, pressed | Cut-off, S",kg,fa51ce6e-b737-590d-be8f-8a1a39d1a03e_4f312355-ac65-4635-8fb2-006dba64ce60,1.0000000000
da82bf4e-37c4-4601-a68b-a6912e5f8b38,BASIC,ecoinvent-v3.11,SimaPro-v10.2,RECYCLED,炼油污泥/系统拓展 - non-default,"Heavy fuel oil {RoW}| heavy fuel oil production, petroleum refinery operation | Cut-off, S",kg,0ed1a11a-2831-56ca-af7c-bb2471dde449_2966d161-5281-47d6-86d3-efbb0a4b2110,0.0594660194
5e9adb5f-2b39-446d-b519-d005aebc1210,BASIC,ecoinvent-v3.11,SimaPro-v10.2,UPSTREAM,尼龙,"Nylon 6-6 {RoW}| nylon 6-6 production | Cut-off, S",kg,87add174-9581-50e4-a558-f9ade7752c8b_b167bcef-715e-4136-a743-2fae79a086d3,1.0000000000
2f385979-ea63-4620-b081-d0155659bf65,BASIC,ecoinvent-v3.11,SimaPro-v10.2,UPSTREAM,锡,"Tin {RoW}| tin production | Cut-off, S",kg,5c49b521-1d31-517d-92e3-e07aa75ff122_ad5a20dd-4c4d-499d-8dc1-254ebab8f3bf,1.0000000000
0f46bfef-142f-4106-82ea-cc56fed35a21,CONS,ecoinvent-v3.11,SimaPro-v10.2,TRANS_RAIL,铁运,"Transport, freight, train, fleet average {CN}| market for transport, freight, train, fleet average | EN15804, S",tkm,1a8f1a97-0b7d-51b6-955c-3e398a39b398_0ace02fa-eca5-482d-a829-c18e46a52db4,1.0000000000
708ab0fb-6b9a-4261-b550-9ff3bca1ee44,CONS,ecoinvent-v3.11,SimaPro-v10.2,UPSTREAM,自来水,"Tap water {RoW}| tap water production, direct filtration treatment | EN15804, S",kg,49f16659-23fa-543e-a89a-27a7da7e1a06_c5adb1fb-872e-4446-a3bb-c4b61aa4bd45,1.0000000000
7d9955a9-3517-4500-a69b-2b4f8c023403,CONS,ecoinvent-v3.11,SimaPro-v10.2,UPSTREAM,铜,"Copper, anode {CN}| smelting of copper concentrate, sulfide ore | EN15804, S",kg,5d4a45b7-2162-5fd2-b4ab-da4c8069498f_06440ac0-a1f5-4ba5-a0f7-727570bfbfff,1.0000000000
8e45d656-3e22-4709-9358-9a961701d097,CONS,ecoinvent-v3.11,SimaPro-v10.2,UPSTREAM,华东电网电,"Electricity, high voltage {CN-ECGC}| electricity, high voltage, production mix | EN15804, S",kWh,5f595e83-69bd-54e3-abbb-67c09bf32589_66c93e71-f32b-4591-901c-55395db5c132,1.0000000000
af7f0490-3db2-4f71-9f23-f8a427441a50,CONS,ecoinvent-v3.11,SimaPro-v10.2,UPSTREAM,硫磺,"Sulfur {RoW}| sulfur production, petroleum refinery operation | EN15804, S",kg,d2c7cac2-8fbd-5c37-a753-f968b2f693af_fe8e025f-14c8-4abd-86df-1797ab26d3db,1.0000000000
07127c86-7d28-4c17-b84b-cea371c3af80,CONS,ecoinvent-v3.11,SimaPro-v10.2,UPSTREAM,石墨,"Graphite {RoW}| graphite production | EN15804, S",kg,ea7a9db6-762c-5635-a85c-333bef4a33e7_6326adcd-063f-4c42-ae99-973bd21cbb20,1.0000000000
24d302f9-ecaa-4d9d-911a-db29140ed268,CONS,ecoinvent-v3.11,SimaPro-v10.2,UPSTREAM,电极,"Anode, for metal electrolysis {RoW}| anode production, for metal electrolysis | EN15804, S",kg,fb37dba4-b3e7-57bd-b37d-541a6e03a42f_4e584f6f-2e71-4796-931e-bb9a273c161c,1.0000000000
